page_id;page_title;page_ns;revision_id;timestamp;contributor_id;contributor_name;bytes
173;|2015 Christmas Gifts|;0;252;2016-12-07T17:45:31Z;27372241;|Ender01|;29
173;|2015 Christmas Gifts|;0;253;2017-02-28T04:16:16Z;31233301;|LamoidZombieDog|;29
116;|2016 Christmas Gifts|;0;138;2017-02-23T08:47:35Z;27823354;|Koolboat01|;48
116;|2016 Christmas Gifts|;0;139;2017-02-28T03:57:59Z;31233301;|LamoidZombieDog|;48
117;|531 Hauler|;0;140;2017-01-05T08:28:59Z;27693719;|19magic44|;2213
117;|531 Hauler|;0;141;2017-02-28T03:57:59Z;31233301;|LamoidZombieDog|;2213
174;|AND Gate|;0;254;2016-12-02T13:22:22Z;27372241;|Ender01|;1141
174;|AND Gate|;0;255;2017-02-28T04:16:16Z;31233301;|LamoidZombieDog|;1141
174;|AND Gate|;0;1147;2017-12-28T17:00:32Z;33616466;|Abraham Lincoln YT|;46
174;|AND Gate|;0;1148;2017-12-28T17:00:56Z;33616466;|Abraham Lincoln YT|;46
174;|AND Gate|;0;1151;2017-12-28T17:01:15Z;29945283;|Mrfunnylaughs Ori|;84
174;|AND Gate|;0;1180;2017-12-29T10:54:38Z;5143323;|Jackninja5DipperGravityFalls|;84
174;|AND Gate|;0;1182;2017-12-29T10:54:59Z;5143323;|Jackninja5DipperGravityFalls|;1141
175;|Acceptable Gift from Bob|;0;256;2017-02-22T14:04:42Z;26189849;|The Winter|;1928
175;|Acceptable Gift from Bob|;0;257;2017-02-28T04:16:17Z;31233301;|LamoidZombieDog|;1928
175;|Acceptable Gift from Bob|;0;854;2017-03-27T15:40:23Z;31612541;|Joedaorangeisback123|;363
175;|Acceptable Gift from Bob|;0;947;2017-03-27T16:15:05Z;1929113;|TyA|;1928
176;|Admin/Mod List|;0;258;2017-02-21T05:39:08Z;27516791;|UnikarnzMagik|;4951
176;|Admin/Mod List|;0;259;2017-02-28T04:16:17Z;31233301;|LamoidZombieDog|;4951
177;|Alpha Axe of Testing|;0;260;2017-02-24T17:45:29Z;27990573;|Fjalon|;2312
177;|Alpha Axe of Testing|;0;261;2017-02-28T04:16:18Z;31233301;|LamoidZombieDog|;2312
178;|Alpha Testing Stage|;0;262;2017-02-24T13:40:29Z;30165093;|Tisaakah|;1535
178;|Alpha Testing Stage|;0;263;2017-02-28T04:16:18Z;31233301;|LamoidZombieDog|;1535
179;|Armchair|;0;264;2016-12-03T01:58:23Z;26143979;|Trainlover123123|;1235
179;|Armchair|;0;265;2017-02-28T04:16:18Z;31233301;|LamoidZombieDog|;1235
180;|Bag of Sand|;0;266;2016-12-21T14:26:36Z;28353567;|Terence67|;1118
180;|Bag of Sand|;0;267;2017-02-28T04:16:18Z;31233301;|LamoidZombieDog|;1118
181;|Ban|;0;268;2017-02-28T04:04:10Z;31210991;|Bobbyrazul07|;4083
181;|Ban|;0;269;2017-02-28T04:16:19Z;31233301;|LamoidZombieDog|;4083
182;|Basic Hatchet|;0;270;2017-02-19T06:18:02Z;5774410;|Nickbrownie|;1450
182;|Basic Hatchet|;0;271;2017-02-28T04:16:19Z;31233301;|LamoidZombieDog|;1450
182;|Basic Hatchet|;0;1244;2018-04-25T23:26:35Z;33420196;|Yolobeans278|;41
183;|Beta Axe of Bosses|;0;272;2017-01-01T20:18:16Z;27823354;|Koolboat01|;1561
183;|Beta Axe of Bosses|;0;273;2017-02-28T04:16:19Z;31233301;|LamoidZombieDog|;1561
184;|Beta Testing Stage|;0;274;2017-02-22T14:15:00Z;26189849;|The Winter|;1187
184;|Beta Testing Stage|;0;275;2017-02-28T04:16:20Z;31233301;|LamoidZombieDog|;1187
184;|Beta Testing Stage|;0;980;2017-03-27T17:25:35Z;198.50.235.188;Anonymous;28
184;|Beta Testing Stage|;0;1002;2017-03-27T18:03:49Z;1929113;|TyA|;1187
185;|Birch Wood|;0;276;2017-02-22T09:16:22Z;30650451;|Chargenius|;1729
185;|Birch Wood|;0;277;2017-02-28T04:16:20Z;31233301;|LamoidZombieDog|;1729
185;|Birch Wood|;0;910;2017-03-27T16:06:15Z;31612541;|Joedaorangeisback123|;52
185;|Birch Wood|;0;937;2017-03-27T16:15:03Z;1929113;|TyA|;1729
186;|Black Walls|;0;278;2017-02-18T16:34:01Z;26143979;|Trainlover123123|;1252
186;|Black Walls|;0;279;2017-02-28T04:16:20Z;31233301;|LamoidZombieDog|;1252
187;|Blue BaII|;0;280;2017-02-24T13:20:57Z;30165093;|Tisaakah|;1594
187;|Blue BaII|;0;281;2017-02-28T04:16:20Z;31233301;|LamoidZombieDog|;1594
187;|Blue BaII|;0;861;2017-03-27T15:42:34Z;31612541;|Joedaorangeisback123|;188
187;|Blue BaII|;0;943;2017-03-27T16:15:04Z;1929113;|TyA|;1594
118;|Blue Ball|;0;142;2016-12-25T13:55:26Z;26899579;|MyUsernamesThis|;23
118;|Blue Ball|;0;143;2017-02-28T03:57:59Z;31233301;|LamoidZombieDog|;23
188;|Blueprint|;0;282;2017-01-25T15:10:54Z;28853480;|Soulless Creature|;5575
188;|Blueprint|;0;283;2017-02-28T04:16:21Z;31233301;|LamoidZombieDog|;5575
189;|Blueprint Manager|;0;284;2017-02-27T13:18:42Z;30658481;|Sonnenly|;2226
189;|Blueprint Manager|;0;285;2017-02-28T04:16:21Z;31233301;|LamoidZombieDog|;2226
189;|Blueprint Manager|;0;711;2017-02-28T05:53:02Z;27823354;|Koolboat01|;455
189;|Blueprint Manager|;0;1019;2017-04-05T14:21:18Z;30115127;|CavaX|;2220
190;|Boat Dock|;0;286;2016-12-02T07:51:44Z;27114707;|Cutton|;1016
190;|Boat Dock|;0;287;2017-02-28T04:16:21Z;31233301;|LamoidZombieDog|;1016
191;|Bob|;0;288;2017-02-22T14:06:29Z;26189849;|The Winter|;1834
191;|Bob|;0;289;2017-02-28T04:16:22Z;31233301;|LamoidZombieDog|;1834
192;|Bob's Shack|;0;290;2017-02-27T18:32:47Z;31376915;|Nayrina|;2662
192;|Bob's Shack|;0;291;2017-02-28T04:16:22Z;31233301;|LamoidZombieDog|;2662
193;|Bold and Brash|;0;292;2017-02-22T01:39:04Z;27823354;|Koolboat01|;2355
193;|Bold and Brash|;0;293;2017-02-28T04:16:23Z;31233301;|LamoidZombieDog|;2355
193;|Bold and Brash|;0;876;2017-03-27T15:58:50Z;31612541;|Joedaorangeisback123|;143
193;|Bold and Brash|;0;908;2017-03-27T16:05:34Z;30115127;|CavaX|;2355
194;|Boulder Cave|;0;294;2017-02-11T02:23:48Z;5030855;|Jac16king|;2095
194;|Boulder Cave|;0;295;2017-02-28T04:16:23Z;31233301;|LamoidZombieDog|;2095
194;|Boulder Cave|;0;918;2017-03-27T16:11:05Z;31612541;|Joedaorangeisback123|;87
194;|Boulder Cave|;0;928;2017-03-27T16:15:01Z;1929113;|TyA|;2095
195;|Boulders|;0;296;2017-02-25T11:54:34Z;30658481;|Sonnenly|;2851
195;|Boulders|;0;297;2017-02-28T04:16:23Z;31233301;|LamoidZombieDog|;2851
196;|Boxed Cars|;0;298;2017-02-17T22:57:51Z;30658481;|Sonnenly|;1415
196;|Boxed Cars|;0;299;2017-02-28T04:16:24Z;31233301;|LamoidZombieDog|;1415
197;|Bridge|;0;300;2017-02-26T18:51:22Z;5030855;|Jac16king|;3869
197;|Bridge|;0;301;2017-02-28T04:16:24Z;31233301;|LamoidZombieDog|;3869
198;|Bridge Fee Booths|;0;302;2016-12-11T14:10:30Z;27990573;|Fjalon|;1528
198;|Bridge Fee Booths|;0;303;2017-02-28T04:16:24Z;31233301;|LamoidZombieDog|;1528
199;|Bugs & Glitches|;0;304;2017-02-15T21:23:26Z;31233301;|LamoidZombieDog|;24567
199;|Bugs & Glitches|;0;305;2017-02-28T04:16:25Z;31233301;|LamoidZombieDog|;24567
199;|Bugs & Glitches|;0;1217;2018-04-03T16:58:41Z;2003:D5:A3E4:356:A0D2:A8E8:C06D:EF89;Anonymous;20778
199;|Bugs & Glitches|;0;1248;2018-05-02T23:19:02Z;2606:A000:87C7:2100:BD3D:1345:3ECC:8E27;Anonymous;20658
200;|Bulletin Board|;0;306;2017-02-22T09:47:05Z;30658481;|Sonnenly|;2401
200;|Bulletin Board|;0;307;2017-02-28T04:16:25Z;31233301;|LamoidZombieDog|;2401
201;|Button|;0;308;2017-01-04T19:32:17Z;27407250;|Jerricks|;992
201;|Button|;0;309;2017-02-28T04:16:26Z;31233301;|LamoidZombieDog|;992
202;|Can of Worms|;0;310;2017-02-26T06:50:47Z;30658481;|Sonnenly|;1262
202;|Can of Worms|;0;311;2017-02-28T04:16:26Z;31233301;|LamoidZombieDog|;1262
202;|Can of Worms|;0;902;2017-03-27T16:05:14Z;31612541;|Joedaorangeisback123|;109
202;|Can of Worms|;0;940;2017-03-27T16:15:03Z;1929113;|TyA|;1262
203;|Candy Cane Axe|;0;312;2017-02-25T02:04:10Z;30165093;|Tisaakah|;1769
203;|Candy Cane Axe|;0;313;2017-02-28T04:16:26Z;31233301;|LamoidZombieDog|;1769
204;|Cavecrawler Cavern|;0;314;2017-02-26T14:09:05Z;30658481;|Sonnenly|;1873
204;|Cavecrawler Cavern|;0;315;2017-02-28T04:16:27Z;31233301;|LamoidZombieDog|;1873
205;|Cavecrawler Wood|;0;316;2017-02-25T03:32:34Z;26143979;|Trainlover123123|;4851
205;|Cavecrawler Wood|;0;317;2017-02-28T04:16:27Z;31233301;|LamoidZombieDog|;4851
119;|Cavern of Bold and Brash|;0;144;2017-01-31T18:05:30Z;27823354;|Koolboat01|;33
119;|Cavern of Bold and Brash|;0;145;2017-02-28T03:58:00Z;31233301;|LamoidZombieDog|;33
206;|Cavern of the Sight|;0;318;2017-01-30T10:09:35Z;26182374;|RustyPipez|;3476
206;|Cavern of the Sight|;0;319;2017-02-28T04:16:27Z;31233301;|LamoidZombieDog|;3476
206;|Cavern of the Sight|;0;827;2017-03-26T22:02:53Z;31607784;|Joetheorangeisback|;569
206;|Cavern of the Sight|;0;830;2017-03-26T22:04:46Z;4784321;|Jr Mime|;3476
206;|Cavern of the Sight|;0;835;2017-03-27T15:28:09Z;31612541;|Joedaorangeisback123|;201
206;|Cavern of the Sight|;0;960;2017-03-27T16:15:08Z;1929113;|TyA|;3476
207;|Changelog|;0;320;2017-02-24T13:18:10Z;30658481;|Sonnenly|;1198
207;|Changelog|;0;321;2017-02-28T04:16:28Z;31233301;|LamoidZombieDog|;1198
208;|Chat Rules|;0;322;2017-02-21T14:04:07Z;27372241;|Ender01|;2047
208;|Chat Rules|;0;323;2017-02-28T04:16:28Z;31233301;|LamoidZombieDog|;2047
209;|Cherry Meadow|;0;324;2017-02-25T02:05:45Z;30165093;|Tisaakah|;1081
209;|Cherry Meadow|;0;325;2017-02-28T04:16:28Z;31233301;|LamoidZombieDog|;1081
209;|Cherry Meadow|;0;883;2017-03-27T16:01:44Z;31612541;|Joedaorangeisback123|;95
209;|Cherry Meadow|;0;890;2017-03-27T16:04:04Z;30115127;|CavaX|;1081
209;|Cherry Meadow|;0;898;2017-03-27T16:04:57Z;31612541;|Joedaorangeisback123|;63
209;|Cherry Meadow|;0;903;2017-03-27T16:05:20Z;30115127;|CavaX|;1081
209;|Cherry Meadow|;0;913;2017-03-27T16:07:21Z;31612541;|Joedaorangeisback123|;62
209;|Cherry Meadow|;0;934;2017-03-27T16:15:02Z;1929113;|TyA|;1081
209;|Cherry Meadow|;0;984;2017-03-27T17:32:53Z;198.50.235.188;Anonymous;788
209;|Cherry Meadow|;0;999;2017-03-27T18:03:48Z;1929113;|TyA|;1081
210;|Cherry Wood|;0;326;2017-02-22T09:56:08Z;30658481;|Sonnenly|;1542
210;|Cherry Wood|;0;327;2017-02-28T04:16:29Z;31233301;|LamoidZombieDog|;1542
211;|Chop Saw|;0;328;2017-01-04T20:41:02Z;30938863;|BigGpurrs987654321|;1950
211;|Chop Saw|;0;329;2017-02-28T04:16:29Z;31233301;|LamoidZombieDog|;1950
211;|Chop Saw|;0;763;2017-03-01T11:51:42Z;30165093;|Tisaakah|;101708
211;|Chop Saw|;0;767;2017-03-01T14:30:11Z;30115127;|CavaX|;1950
211;|Chop Saw|;0;787;2017-03-26T13:30:46Z;28517748;|Joetheorange|;82
211;|Chop Saw|;0;795;2017-03-26T13:37:37Z;4784321;|Jr Mime|;1950
212;|Collectibles|;0;330;2017-02-08T14:26:52Z;27823354;|Koolboat01|;9191
212;|Collectibles|;0;331;2017-02-28T04:16:30Z;31233301;|LamoidZombieDog|;9191
212;|Collectibles|;0;877;2017-03-27T15:59:09Z;31612541;|Joedaorangeisback123|;113
212;|Collectibles|;0;899;2017-03-27T16:05:02Z;30115127;|CavaX|;9191
212;|Collectibles|;0;912;2017-03-27T16:06:53Z;31612541;|Joedaorangeisback123|;81
212;|Collectibles|;0;935;2017-03-27T16:15:03Z;1929113;|TyA|;9191
213;|Content Guidelines|;0;332;2016-12-02T03:28:46Z;27372241;|Ender01|;2401
213;|Content Guidelines|;0;333;2017-02-28T04:16:30Z;31233301;|LamoidZombieDog|;2401
214;|Conveyor|;0;334;2017-02-26T00:12:48Z;30658481;|Sonnenly|;3595
214;|Conveyor|;0;335;2017-02-28T04:16:30Z;31233301;|LamoidZombieDog|;3595
215;|Corey|;0;336;2017-02-25T01:50:38Z;26182374;|RustyPipez|;1704
215;|Corey|;0;337;2017-02-28T04:16:31Z;31233301;|LamoidZombieDog|;1704
216;|Couch|;0;338;2017-01-04T19:42:07Z;27407250;|Jerricks|;936
216;|Couch|;0;339;2017-02-28T04:16:31Z;31233301;|LamoidZombieDog|;936
217;|Credits|;0;340;2017-02-24T13:37:12Z;30658481;|Sonnenly|;1004
217;|Credits|;0;341;2017-02-28T04:16:31Z;31233301;|LamoidZombieDog|;1004
218;|Dark Pumpkin|;0;342;2017-02-12T19:16:54Z;31045658;|Mehda|;1786
218;|Dark Pumpkin|;0;343;2017-02-28T04:16:31Z;31233301;|LamoidZombieDog|;1786
218;|Dark Pumpkin|;0;706;2017-02-28T05:51:59Z;27823354;|Koolboat01|;467
218;|Dark Pumpkin|;0;728;2017-02-28T06:07:40Z;27823354;|Koolboat01|;600
218;|Dark Pumpkin|;0;752;2017-03-01T11:41:05Z;30165093;|Tisaakah|;67909
218;|Dark Pumpkin|;0;770;2017-03-01T14:30:33Z;30115127;|CavaX|;600
218;|Dark Pumpkin|;0;785;2017-03-26T13:29:32Z;28517748;|Joetheorange|;177
218;|Dark Pumpkin|;0;797;2017-03-26T13:37:38Z;4784321;|Jr Mime|;600
218;|Dark Pumpkin|;0;813;2017-03-26T14:09:53Z;31604676;|Joetheorangealtbackup|;177
218;|Dark Pumpkin|;0;814;2017-03-26T14:10:32Z;4784321;|Jr Mime|;600
218;|Dark Pumpkin|;0;853;2017-03-27T15:38:58Z;31612541;|Joedaorangeisback123|;217
218;|Dark Pumpkin|;0;948;2017-03-27T16:15:06Z;1929113;|TyA|;600
218;|Dark Pumpkin|;0;983;2017-03-27T17:29:28Z;198.50.235.188;Anonymous;169
218;|Dark Pumpkin|;0;998;2017-03-27T18:03:48Z;1929113;|TyA|;600
219;|Dead Trees|;0;344;2017-02-22T07:08:27Z;28155828;|BananaOTT|;1398
219;|Dead Trees|;0;345;2017-02-28T04:16:32Z;31233301;|LamoidZombieDog|;1398
220;|Defaultio|;0;346;2017-02-25T02:01:00Z;30165093;|Tisaakah|;2680
220;|Defaultio|;0;347;2017-02-28T04:16:32Z;31233301;|LamoidZombieDog|;2680
220;|Defaultio|;0;710;2017-02-28T05:52:47Z;27823354;|Koolboat01|;1044
220;|Defaultio|;0;714;2017-02-28T05:57:09Z;31183992;|Schoolboirare|;584
220;|Defaultio|;0;721;2017-02-28T06:02:55Z;31183992;|Schoolboirare|;714
220;|Defaultio|;0;789;2017-03-26T13:32:50Z;28517748;|Joetheorange|;32
220;|Defaultio|;0;792;2017-03-26T13:37:34Z;4784321;|Jr Mime|;714
220;|Defaultio|;0;870;2017-03-27T15:51:58Z;31612541;|Joedaorangeisback123|;82
220;|Defaultio|;0;941;2017-03-27T16:15:04Z;1929113;|TyA|;714
220;|Defaultio|;0;1022;2017-04-05T14:24:33Z;30115127;|CavaX|;2672
220;|Defaultio|;0;1032;2017-04-11T22:41:16Z;28874067;|Fluffyrock1|;0
220;|Defaultio|;0;1040;2017-04-12T03:34:03Z;1929113;|TyA|;2672
220;|Defaultio|;0;1051;2017-09-22T16:18:35Z;27372241;|Ender01|;89
220;|Defaultio|;0;1055;2017-09-24T18:53:13Z;30115127;|CavaX|;2672
221;|Den|;0;348;2017-02-19T19:17:44Z;26143979;|Trainlover123123|;1997
221;|Den|;0;349;2017-02-28T04:16:32Z;31233301;|LamoidZombieDog|;1997
222;|Dishwasher|;0;350;2017-02-25T00:08:32Z;30165093;|Tisaakah|;1856
222;|Dishwasher|;0;351;2017-02-28T04:16:33Z;31233301;|LamoidZombieDog|;1856
223;|Disney Pixar "The Good Dinosaur" Event|;0;352;2017-02-24T00:23:45Z;31123632;|CeciliaLanceJMKitRBLX|;1202
223;|Disney Pixar "The Good Dinosaur" Event|;0;353;2017-02-28T04:16:33Z;31233301;|LamoidZombieDog|;1202
224;|Disturbed Painting|;0;354;2017-02-27T03:43:36Z;26143979;|Trainlover123123|;1422
224;|Disturbed Painting|;0;355;2017-02-28T04:16:33Z;31233301;|LamoidZombieDog|;1422
225;|DreamWorks ''Kung Fu Panda 3'' Event|;0;356;2017-02-26T13:54:45Z;30658481;|Sonnenly|;1503
225;|DreamWorks ''Kung Fu Panda 3'' Event|;0;357;2017-02-28T04:16:34Z;31233301;|LamoidZombieDog|;1503
120;|DreamWorks ''Kung fu Panda 3'' Event|;0;146;2017-02-23T12:57:33Z;30658481;|Sonnenly|;50
120;|DreamWorks ''Kung fu Panda 3'' Event|;0;147;2017-02-28T03:58:00Z;31233301;|LamoidZombieDog|;50
553;|Duping is illegal kids|;0;1184;2017-12-29T10:55:49Z;5143323;|Jackninja5DipperGravityFalls|;31
497;|Duplicating Items|;0;1074;2017-10-01T21:32:28Z;33072389;|Partly Ender|;45
497;|Duplicating Items|;0;1183;2017-12-29T10:55:49Z;5143323;|Jackninja5DipperGravityFalls|;45
226;|Duplication|;0;358;2017-02-26T02:38:43Z;5030855;|Jac16king|;3150
226;|Duplication|;0;359;2017-02-28T04:16:34Z;31233301;|LamoidZombieDog|;3150
489;|Duplication, by xXPartlyEnderXx|;0;1053;2017-09-23T16:29:05Z;33072389;|Partly Ender|;454
489;|Duplication, by xXPartlyEnderXx|;0;1054;2017-09-23T16:30:19Z;33072389;|Partly Ender|;570
489;|Duplication, by xXPartlyEnderXx|;0;1063;2017-09-30T11:37:37Z;29945283;|Mrfunnylaughs Ori|;133
489;|Duplication, by xXPartlyEnderXx|;0;1064;2017-09-30T11:37:53Z;29945283;|Mrfunnylaughs Ori|;133
489;|Duplication, by xXPartlyEnderXx|;0;1069;2017-10-01T16:31:42Z;30115127;|CavaX|;570
489;|Duplication, by xXPartlyEnderXx|;0;1073;2017-10-01T21:32:27Z;33072389;|Partly Ender|;570
489;|Duplication, by xXPartlyEnderXx|;0;1081;2017-10-01T21:37:08Z;33072389;|Partly Ender|;588
489;|Duplication, by xXPartlyEnderXx|;0;1082;2017-10-01T21:41:02Z;33072389;|Partly Ender|;668
227;|Dynamite|;0;360;2017-01-04T19:24:10Z;27407250;|Jerricks|;2145
227;|Dynamite|;0;361;2017-02-28T04:16:34Z;31233301;|LamoidZombieDog|;2145
227;|Dynamite|;0;884;2017-03-27T16:02:00Z;31612541;|Joedaorangeisback123|;55
227;|Dynamite|;0;889;2017-03-27T16:04:02Z;30115127;|CavaX|;2145
227;|Dynamite|;0;1142;2017-12-28T16:59:12Z;33616466;|Abraham Lincoln YT|;94
227;|Dynamite|;0;1152;2017-12-28T17:01:31Z;29945283;|Mrfunnylaughs Ori|;93
227;|Dynamite|;0;1185;2017-12-29T10:56:24Z;5143323;|Jackninja5DipperGravityFalls|;2145
228;|Eerie Skull|;0;362;2017-02-12T02:46:45Z;5030855;|Jac16king|;1873
228;|Eerie Skull|;0;363;2017-02-28T04:16:35Z;31233301;|LamoidZombieDog|;1873
229;|Elm Wood|;0;364;2017-02-25T01:48:35Z;26182374;|RustyPipez|;2216
229;|Elm Wood|;0;365;2017-02-28T04:16:35Z;31233301;|LamoidZombieDog|;2216
230;|End Times Axe|;0;366;2017-02-25T01:45:14Z;26182374;|RustyPipez|;3712
230;|End Times Axe|;0;367;2017-02-28T04:16:35Z;31233301;|LamoidZombieDog|;3712
230;|End Times Axe|;0;731;2017-02-28T06:13:21Z;31183992;|Schoolboirare|;3841
230;|End Times Axe|;0;753;2017-03-01T11:41:56Z;30165093;|Tisaakah|;101777
230;|End Times Axe|;0;769;2017-03-01T14:30:32Z;30115127;|CavaX|;3841
230;|End Times Axe|;0;786;2017-03-26T13:29:53Z;28517748;|Joetheorange|;158
230;|End Times Axe|;0;796;2017-03-26T13:37:38Z;4784321;|Jr Mime|;3841
230;|End Times Axe|;0;851;2017-03-27T15:37:52Z;31612541;|Joedaorangeisback123|;241
230;|End Times Axe|;0;951;2017-03-27T16:15:06Z;1929113;|TyA|;3841
231;|End Times Biome|;0;368;2017-02-15T11:27:04Z;31037977;|Domicrni|;5077
231;|End Times Biome|;0;369;2017-02-28T04:16:36Z;31233301;|LamoidZombieDog|;5077
121;|End Times Update|;0;148;2017-02-25T01:27:34Z;26182374;|RustyPipez|;4913
121;|End Times Update|;0;149;2017-02-28T03:58:00Z;31233301;|LamoidZombieDog|;4913
121;|End Times Update|;0;880;2017-03-27T16:00:26Z;31612541;|Joedaorangeisback123|;140
121;|End Times Update|;0;894;2017-03-27T16:04:09Z;30115127;|CavaX|;4913
122;|End Times Wood|;0;150;2016-11-02T00:17:23Z;5030855;|Jac16king|;26
122;|End Times Wood|;0;151;2017-02-28T03:58:01Z;31233301;|LamoidZombieDog|;26
123;|Errors|;0;152;2017-02-24T23:18:06Z;31105147;|DestroyingCat1|;3623
123;|Errors|;0;153;2017-02-28T03:58:01Z;31233301;|LamoidZombieDog|;3623
123;|Errors|;0;1014;2017-04-04T10:23:01Z;161.148.1.94;Anonymous;423
123;|Errors|;0;1016;2017-04-05T13:28:45Z;30115127;|CavaX|;3623
232;|Event Prizes|;0;370;2017-02-26T07:00:29Z;30658481;|Sonnenly|;1643
232;|Event Prizes|;0;371;2017-02-28T04:16:36Z;31233301;|LamoidZombieDog|;1643
233;|Fair Sawmill|;0;372;2017-02-08T02:44:05Z;30658481;|Sonnenly|;1557
233;|Fair Sawmill|;0;373;2017-02-28T04:16:36Z;31233301;|LamoidZombieDog|;1557
233;|Fair Sawmill|;0;914;2017-03-27T16:07:37Z;31612541;|Joedaorangeisback123|;98
233;|Fair Sawmill|;0;933;2017-03-27T16:15:02Z;1929113;|TyA|;1557
234;|Fancy Furnishings|;0;374;2017-02-19T05:46:45Z;26850367;|FrankWong123|;2949
234;|Fancy Furnishings|;0;375;2017-02-28T04:16:36Z;31233301;|LamoidZombieDog|;2949
124;|Feedback|;0;154;2016-02-17T20:59:59Z;27407250;|Jerricks|;41
124;|Feedback|;0;155;2017-02-28T03:58:01Z;31233301;|LamoidZombieDog|;41
235;|Ferry|;0;376;2017-02-21T05:12:01Z;26182374;|RustyPipez|;3838
235;|Ferry|;0;377;2017-02-28T04:16:37Z;31233301;|LamoidZombieDog|;3838
236;|Fiery Gift of Lumber|;0;378;2017-01-02T17:17:12Z;30917872;|Yourfather54|;1579
236;|Fiery Gift of Lumber|;0;379;2017-02-28T04:16:37Z;31233301;|LamoidZombieDog|;1579
237;|Fire Axe|;0;380;2017-02-24T00:14:56Z;31123632;|CeciliaLanceJMKitRBLX|;2328
237;|Fire Axe|;0;381;2017-02-28T04:16:37Z;31233301;|LamoidZombieDog|;2328
238;|Floodlight|;0;382;2017-01-02T05:23:53Z;30917872;|Yourfather54|;1346
238;|Floodlight|;0;383;2017-02-28T04:16:38Z;31233301;|LamoidZombieDog|;1346
239;|Floor Lamp|;0;384;2017-02-22T14:10:41Z;26189849;|The Winter|;1261
239;|Floor Lamp|;0;385;2017-02-28T04:16:38Z;31233301;|LamoidZombieDog|;1261
240;|Fog|;0;386;2017-02-22T13:48:44Z;26189849;|The Winter|;1392
240;|Fog|;0;387;2017-02-28T04:16:39Z;31233301;|LamoidZombieDog|;1392
80;|Fun and Games|;0;80;2017-02-27T04:50:09Z;49312;|Default|;102
241;|Game Suggestions|;0;388;2017-02-25T00:28:25Z;31385806;|Ogsammysprinkleroffical|;69049
241;|Game Suggestions|;0;389;2017-02-28T04:16:40Z;31233301;|LamoidZombieDog|;69049
241;|Game Suggestions|;0;1188;2018-01-20T17:30:36Z;34410376;|UhFinn|;69214
242;|Geck|;0;390;2017-02-28T00:32:14Z;26444335;|Greeism|;1153
242;|Geck|;0;391;2017-02-28T04:16:40Z;31233301;|LamoidZombieDog|;1153
242;|Geck|;0;750;2017-03-01T11:39:38Z;30165093;|Tisaakah|;135178
242;|Geck|;0;772;2017-03-01T14:30:35Z;30115127;|CavaX|;1153
242;|Geck|;0;783;2017-03-26T13:28:52Z;28517748;|Joetheorange|;116
242;|Geck|;0;799;2017-03-26T13:37:38Z;4784321;|Jr Mime|;1153
242;|Geck|;0;804;2017-03-26T13:52:10Z;31604529;|JoeTheOrangeAltAccount|;117
242;|Geck|;0;807;2017-03-26T13:52:45Z;4784321;|Jr Mime|;1153
242;|Geck|;0;809;2017-03-26T14:06:35Z;31604676;|Joetheorangealtbackup|;213
242;|Geck|;0;816;2017-03-26T14:10:33Z;4784321;|Jr Mime|;1153
242;|Geck|;0;818;2017-03-26T21:36:01Z;31607784;|Joetheorangeisback|;164
242;|Geck|;0;833;2017-03-26T22:04:51Z;4784321;|Jr Mime|;1153
242;|Geck|;0;975;2017-03-27T17:23:39Z;198.50.235.188;Anonymous;117
242;|Geck|;0;1005;2017-03-27T18:03:50Z;1929113;|TyA|;1153
243;|Glass Panes|;0;392;2017-01-28T10:40:17Z;28853480;|Soulless Creature|;1295
243;|Glass Panes|;0;393;2017-02-28T04:16:41Z;31233301;|LamoidZombieDog|;1295
125;|Glow Wood|;0;156;2017-02-08T20:20:00Z;27823354;|Koolboat01|;46
125;|Glow Wood|;0;157;2017-02-28T03:58:02Z;31233301;|LamoidZombieDog|;46
126;|Glowing Fir Bin|;0;158;2017-02-21T21:47:14Z;27823354;|Koolboat01|;26
126;|Glowing Fir Bin|;0;159;2017-02-28T03:58:02Z;31233301;|LamoidZombieDog|;26
127;|Glowing Fir Wood|;0;160;2017-02-21T21:46:58Z;27823354;|Koolboat01|;27
127;|Glowing Fir Wood|;0;161;2017-02-28T03:58:02Z;31233301;|LamoidZombieDog|;27
244;|Gold Axe|;0;394;2017-02-25T13:52:42Z;31149630;|NoltheJoe22|;1342
244;|Gold Axe|;0;395;2017-02-28T04:16:41Z;31233301;|LamoidZombieDog|;1342
245;|Gold Wood|;0;396;2017-02-25T03:32:35Z;26143979;|Trainlover123123|;2197
245;|Gold Wood|;0;397;2017-02-28T04:16:41Z;31233301;|LamoidZombieDog|;2197
498;|Got scammed|;0;1088;2017-10-21T20:37:57Z;33438807;|AlexIsHereBoys|;402
246;|Green Box|;0;398;2017-02-27T00:17:20Z;27082062;|Kkghost99|;4841
246;|Green Box|;0;399;2017-02-28T04:16:42Z;31233301;|LamoidZombieDog|;4841
246;|Green Box|;0;1164;2017-12-28T17:03:19Z;29945283;|Mrfunnylaughs Ori|;213
246;|Green Box|;0;1166;2017-12-28T17:05:13Z;27372241;|Ender01|;4841
247;|Grey Wood|;0;400;2017-02-25T07:10:02Z;30658481;|Sonnenly|;2118
247;|Grey Wood|;0;401;2017-02-28T04:16:42Z;31233301;|LamoidZombieDog|;2118
248;|Gusmanak|;0;402;2017-02-14T22:14:56Z;30658481;|Sonnenly|;1437
248;|Gusmanak|;0;403;2017-02-28T04:16:43Z;31233301;|LamoidZombieDog|;1437
249;|Halloween Update|;0;404;2017-01-18T04:25:45Z;27372241;|Ender01|;2140
249;|Halloween Update|;0;405;2017-02-28T04:16:43Z;31233301;|LamoidZombieDog|;2140
249;|Halloween Update|;0;726;2017-02-28T06:05:48Z;31183992;|Schoolboirare|;2271
250;|Happy Blue Gift of Fun|;0;406;2017-02-22T09:06:26Z;30741384;|DZyR Haptic|;3087
250;|Happy Blue Gift of Fun|;0;407;2017-02-28T04:16:44Z;31233301;|LamoidZombieDog|;3087
250;|Happy Blue Gift of Fun|;0;858;2017-03-27T15:41:54Z;31612541;|Joedaorangeisback123|;159
250;|Happy Blue Gift of Fun|;0;859;2017-03-27T15:42:08Z;31612541;|Joedaorangeisback123|;159
250;|Happy Blue Gift of Fun|;0;945;2017-03-27T16:15:05Z;1929113;|TyA|;3087
250;|Happy Blue Gift of Fun|;0;963;2017-03-27T16:15:34Z;1929113;|TyA|;3087
251;|Happy Red Gift of Fun|;0;408;2017-02-25T01:54:13Z;26182374;|RustyPipez|;1340
251;|Happy Red Gift of Fun|;0;409;2017-02-28T04:16:44Z;31233301;|LamoidZombieDog|;1340
252;|Hardened Axe|;0;410;2017-01-02T17:32:06Z;30917872;|Yourfather54|;1317
252;|Hardened Axe|;0;411;2017-02-28T04:16:44Z;31233301;|LamoidZombieDog|;1317
253;|Hatch|;0;412;2016-12-28T16:20:50Z;30658481;|Sonnenly|;970
253;|Hatch|;0;413;2017-02-28T04:16:44Z;31233301;|LamoidZombieDog|;970
254;|Hazards and Obstacles of Lumberland|;0;414;2016-12-03T01:01:01Z;27823354;|Koolboat01|;4339
254;|Hazards and Obstacles of Lumberland|;0;415;2017-02-28T04:16:45Z;31233301;|LamoidZombieDog|;4339
254;|Hazards and Obstacles of Lumberland|;0;1245;2018-04-25T23:26:58Z;33420196;|Yolobeans278|;23
255;|Hoover|;0;416;2017-02-11T08:27:53Z;26182374;|RustyPipez|;1824
255;|Hoover|;0;417;2017-02-28T04:16:45Z;31233301;|LamoidZombieDog|;1824
256;|Icicle Lights|;0;418;2017-02-22T01:39:33Z;27823354;|Koolboat01|;2109
256;|Icicle Lights|;0;419;2017-02-28T04:16:46Z;31233301;|LamoidZombieDog|;2109
257;|Irregular Growth Trees|;0;420;2017-02-04T17:50:09Z;5030855;|Jac16king|;3447
257;|Irregular Growth Trees|;0;421;2017-02-28T04:16:47Z;31233301;|LamoidZombieDog|;3447
258;|Island Bay|;0;422;2017-02-11T01:12:26Z;28614030;|Stret1311|;1228
258;|Island Bay|;0;423;2017-02-28T04:16:47Z;31233301;|LamoidZombieDog|;1228
258;|Island Bay|;0;843;2017-03-27T15:32:15Z;31612541;|Joedaorangeisback123|;203
258;|Island Bay|;0;847;2017-03-27T15:35:00Z;31612541;|Joedaorangeisback123|;203
258;|Island Bay|;0;952;2017-03-27T16:15:06Z;1929113;|TyA|;1228
258;|Island Bay|;0;965;2017-03-27T16:15:39Z;1929113;|TyA|;1228
259;|January Mega Update|;0;424;2017-01-29T09:22:33Z;28853480;|Soulless Creature|;2808
259;|January Mega Update|;0;425;2017-02-28T04:16:48Z;31233301;|LamoidZombieDog|;2808
260;|Jenny|;0;426;2017-02-15T15:08:26Z;28853480;|Soulless Creature|;974
260;|Jenny|;0;427;2017-02-28T04:16:48Z;31233301;|LamoidZombieDog|;974
261;|Jingly Gift of Jingles|;0;428;2017-01-18T16:14:58Z;27823354;|Koolboat01|;1883
261;|Jingly Gift of Jingles|;0;429;2017-02-28T04:16:49Z;31233301;|LamoidZombieDog|;1883
262;|Joel|;0;430;2017-02-11T07:37:31Z;30658481;|Sonnenly|;845
262;|Joel|;0;431;2017-02-28T04:16:49Z;31233301;|LamoidZombieDog|;845
263;|June Logic Update|;0;432;2017-02-12T21:12:09Z;31280270;|LowerComicPrice|;1686
263;|June Logic Update|;0;433;2017-02-28T04:16:49Z;31233301;|LamoidZombieDog|;1686
263;|June Logic Update|;0;764;2017-03-01T11:53:00Z;30165093;|Tisaakah|;517
263;|June Logic Update|;0;766;2017-03-01T14:30:06Z;30115127;|CavaX|;1686
264;|Koa Wood|;0;434;2017-02-25T02:10:14Z;26182374;|RustyPipez|;1969
264;|Koa Wood|;0;435;2017-02-28T04:16:50Z;31233301;|LamoidZombieDog|;1969
264;|Koa Wood|;0;881;2017-03-27T16:00:49Z;31612541;|Joedaorangeisback123|;94
264;|Koa Wood|;0;892;2017-03-27T16:04:07Z;30115127;|CavaX|;1969
265;|Lamp|;0;436;2017-01-02T17:10:04Z;30917872;|Yourfather54|;1559
265;|Lamp|;0;437;2017-02-28T04:16:50Z;31233301;|LamoidZombieDog|;1559
266;|Land|;0;438;2017-02-25T04:25:03Z;30658481;|Sonnenly|;3103
266;|Land|;0;439;2017-02-28T04:16:50Z;31233301;|LamoidZombieDog|;3103
267;|Land Sign|;0;440;2017-02-25T05:10:52Z;30658481;|Sonnenly|;2248
267;|Land Sign|;0;441;2017-02-28T04:16:51Z;31233301;|LamoidZombieDog|;2248
268;|Laser|;0;442;2016-12-11T13:32:31Z;27990573;|Fjalon|;992
268;|Laser|;0;443;2017-02-28T04:16:51Z;31233301;|LamoidZombieDog|;992
268;|Laser|;0;897;2017-03-27T16:04:45Z;31612541;|Joedaorangeisback123|;65
268;|Laser|;0;906;2017-03-27T16:05:25Z;30115127;|CavaX|;992
269;|Laser Detector|;0;444;2016-12-11T13:33:26Z;27990573;|Fjalon|;1034
269;|Laser Detector|;0;445;2017-02-28T04:16:51Z;31233301;|LamoidZombieDog|;1034
270;|Lava Cavern|;0;446;2016-10-30T20:40:34Z;26899579;|MyUsernamesThis|;2098
270;|Lava Cavern|;0;447;2017-02-28T04:16:52Z;31233301;|LamoidZombieDog|;2098
271;|Lava Trail|;0;448;2016-12-19T14:29:33Z;26143979;|Trainlover123123|;1968
271;|Lava Trail|;0;449;2017-02-28T04:16:52Z;31233301;|LamoidZombieDog|;1968
272;|Lava Wood|;0;450;2017-02-22T09:17:51Z;30650451;|Chargenius|;2659
272;|Lava Wood|;0;451;2017-02-28T04:16:52Z;31233301;|LamoidZombieDog|;2659
273;|Lever|;0;452;2017-01-02T18:20:47Z;30917872;|Yourfather54|;1209
273;|Lever|;0;453;2017-02-28T04:16:53Z;31233301;|LamoidZombieDog|;1209
274;|Lightbulb|;0;454;2017-02-25T02:02:48Z;26182374;|RustyPipez|;1396
274;|Lightbulb|;0;455;2017-02-28T04:16:53Z;31233301;|LamoidZombieDog|;1396
275;|Load|;0;456;2017-02-18T13:20:38Z;30658481;|Sonnenly|;1551
275;|Load|;0;457;2017-02-28T04:16:53Z;31233301;|LamoidZombieDog|;1551
276;|Logs|;0;458;2016-12-27T02:10:31Z;30837994;|Joshcraft2002|;3469
276;|Logs|;0;459;2017-02-28T04:16:54Z;31233301;|LamoidZombieDog|;3469
277;|Loveseat|;0;460;2016-12-03T01:58:33Z;26143979;|Trainlover123123|;862
277;|Loveseat|;0;461;2017-02-28T04:16:54Z;31233301;|LamoidZombieDog|;862
277;|Loveseat|;0;1154;2017-12-28T17:01:45Z;33616466;|Abraham Lincoln YT|;50
277;|Loveseat|;0;1172;2017-12-28T17:07:59Z;27372241;|Ender01|;862
278;|Lumber-tycoon-2:Medals|;0;462;2017-01-11T22:32:01Z;27407250;|Jerricks|;607
278;|Lumber-tycoon-2:Medals|;0;463;2017-02-28T04:16:54Z;31233301;|LamoidZombieDog|;607
279;|Lumber Tycoon|;0;464;2017-02-23T11:12:00Z;30650451;|Chargenius|;3046
279;|Lumber Tycoon|;0;465;2017-02-28T04:16:55Z;31233301;|LamoidZombieDog|;3046
280;|Lumber Tycoon 2|;0;466;2017-02-26T19:06:46Z;26143979;|Trainlover123123|;2866
280;|Lumber Tycoon 2|;0;467;2017-02-28T04:16:55Z;31233301;|LamoidZombieDog|;2866
281;|Lumber Tycoon 2 Terms & Slang|;0;468;2017-01-07T16:06:44Z;27372241;|Ender01|;2642
281;|Lumber Tycoon 2 Terms & Slang|;0;469;2017-02-28T04:16:55Z;31233301;|LamoidZombieDog|;2642
109;|Lumber Tycoon 2 Wiki|;0;123;2017-02-28T01:14:35Z;27823354;|Koolboat01|;25
109;|Lumber Tycoon 2 Wiki|;0;128;2017-02-28T01:26:54Z;27823354;|Koolboat01|;96
109;|Lumber Tycoon 2 Wiki|;0;129;2017-02-28T01:27:54Z;27823354;|Koolboat01|;142
109;|Lumber Tycoon 2 Wiki|;0;131;2017-02-28T03:12:45Z;31233301;|LamoidZombieDog|;1945
109;|Lumber Tycoon 2 Wiki|;0;132;2017-02-28T03:13:40Z;31233301;|LamoidZombieDog|;1376
109;|Lumber Tycoon 2 Wiki|;0;133;2017-02-28T03:14:02Z;31233301;|LamoidZombieDog|;1369
109;|Lumber Tycoon 2 Wiki|;0;134;2017-02-28T03:19:08Z;31233301;|LamoidZombieDog|;6631
109;|Lumber Tycoon 2 Wiki|;0;135;2017-02-28T03:44:46Z;31233301;|LamoidZombieDog|;6650
109;|Lumber Tycoon 2 Wiki|;0;696;2017-02-28T05:31:22Z;27823354;|Koolboat01|;69
109;|Lumber Tycoon 2 Wiki|;0;698;2017-02-28T05:36:18Z;27823354;|Koolboat01|;256
109;|Lumber Tycoon 2 Wiki|;0;699;2017-02-28T05:39:10Z;27823354;|Koolboat01|;248
109;|Lumber Tycoon 2 Wiki|;0;1018;2017-04-05T14:20:27Z;30115127;|CavaX|;6755
109;|Lumber Tycoon 2 Wiki|;0;1046;2017-05-15T04:58:37Z;30629566;|DaEvilDong|;249
109;|Lumber Tycoon 2 Wiki|;0;1047;2017-05-15T05:46:15Z;26357969;|StarmanW|;6755
109;|Lumber Tycoon 2 Wiki|;0;1048;2017-09-22T16:10:25Z;27372241;|Ender01|;363
109;|Lumber Tycoon 2 Wiki|;0;1049;2017-09-22T16:11:44Z;27372241;|Ender01|;430
109;|Lumber Tycoon 2 Wiki|;0;1058;2017-09-25T11:46:35Z;30115127;|CavaX|;363
109;|Lumber Tycoon 2 Wiki|;0;1059;2017-09-25T11:46:36Z;30115127;|CavaX|;6755
109;|Lumber Tycoon 2 Wiki|;0;1130;2017-12-26T23:38:54Z;31405919;|DanGamingTV|;6759
109;|Lumber Tycoon 2 Wiki|;0;1134;2017-12-26T23:40:48Z;31405919;|DanGamingTV|;1323
109;|Lumber Tycoon 2 Wiki|;0;1135;2017-12-28T16:56:39Z;29945283;|Mrfunnylaughs Ori|;305
109;|Lumber Tycoon 2 Wiki|;0;1138;2017-12-28T16:58:56Z;30747356;|Orangerappy|;4013
109;|Lumber Tycoon 2 Wiki|;0;1155;2017-12-28T17:01:52Z;30747356;|Orangerappy|;290
109;|Lumber Tycoon 2 Wiki|;0;1156;2017-12-28T17:02:08Z;33420196;|Yolobeans278|;117
109;|Lumber Tycoon 2 Wiki|;0;1165;2017-12-28T17:03:29Z;27372241;|Ender01|;1323
109;|Lumber Tycoon 2 Wiki|;0;1187;2018-01-16T03:03:32Z;30747356;|Orangerappy|;1309
109;|Lumber Tycoon 2 Wiki|;0;1192;2018-01-27T12:47:04Z;180.251.50.148;Anonymous;1269
109;|Lumber Tycoon 2 Wiki|;0;1196;2018-02-03T11:06:16Z;30115127;|CavaX|;1309
109;|Lumber Tycoon 2 Wiki|;0;1197;2018-02-03T11:06:18Z;30115127;|CavaX|;1323
109;|Lumber Tycoon 2 Wiki|;0;1199;2018-02-04T03:10:40Z;33420196;|Yolobeans278|;1464
109;|Lumber Tycoon 2 Wiki|;0;1200;2018-02-04T08:25:53Z;30115127;|CavaX|;1323
109;|Lumber Tycoon 2 Wiki|;0;1234;2018-04-18T11:24:10Z;80.249.56.118;Anonymous;1324
109;|Lumber Tycoon 2 Wiki|;0;1240;2018-04-25T22:58:07Z;31005692;|Jimk22|;264
282;|Lumber Tycoon 2 Wikia|;0;470;2017-02-23T19:47:32Z;27407250;|Jerricks|;1389
282;|Lumber Tycoon 2 Wikia|;0;471;2017-02-28T04:16:56Z;31233301;|LamoidZombieDog|;1389
283;|Lumber Tycoon 2 Wikia/mobile|;0;472;2016-12-06T18:55:23Z;27372241;|Ender01|;100
283;|Lumber Tycoon 2 Wikia/mobile|;0;473;2017-02-28T04:16:56Z;31233301;|LamoidZombieDog|;100
283;|Lumber Tycoon 2 Wikia/mobile|;0;891;2017-03-27T16:04:05Z;31612541;|Joedaorangeisback123|;33
283;|Lumber Tycoon 2 Wikia/mobile|;0;905;2017-03-27T16:05:24Z;30115127;|CavaX|;100
284;|Lumberland|;0;474;2017-01-01T02:04:58Z;27990573;|Fjalon|;4527
284;|Lumberland|;0;475;2017-02-28T04:16:56Z;31233301;|LamoidZombieDog|;4527
284;|Lumberland|;0;916;2017-03-27T16:08:49Z;31612541;|Joedaorangeisback123|;45
284;|Lumberland|;0;931;2017-03-27T16:15:02Z;1929113;|TyA|;4527
285;|Lump of Coal|;0;476;2017-01-13T22:57:35Z;29380596;|Nerotheplayer|;1772
285;|Lump of Coal|;0;477;2017-02-28T04:16:57Z;31233301;|LamoidZombieDog|;1772
285;|Lump of Coal|;0;920;2017-03-27T16:11:43Z;31612541;|Joedaorangeisback123|;132
285;|Lump of Coal|;0;926;2017-03-27T16:15:01Z;1929113;|TyA|;1772
401;|MUSIC PAGE|;0;730;2017-02-28T06:10:47Z;27823354;|Koolboat01|;639
286;|Magenta Icicle Lights|;0;478;2017-02-20T03:45:00Z;30658481;|Sonnenly|;1402
286;|Magenta Icicle Lights|;0;479;2017-02-28T04:16:57Z;31233301;|LamoidZombieDog|;1402
287;|Main Biome|;0;480;2017-02-18T00:54:16Z;30658481;|Sonnenly|;1822
287;|Main Biome|;0;481;2017-02-28T04:16:57Z;31233301;|LamoidZombieDog|;1822
81;|Main Page|;0;82;2017-02-27T04:50:08Z;22439;|Wikia|;34
288;|Maze Ledge|;0;482;2017-02-26T21:46:20Z;5030855;|Jac16king|;1658
288;|Maze Ledge|;0;483;2017-02-28T04:16:58Z;31233301;|LamoidZombieDog|;1658
289;|Menu|;0;484;2017-02-24T12:25:54Z;30658481;|Sonnenly|;2612
289;|Menu|;0;485;2017-02-28T04:16:58Z;31233301;|LamoidZombieDog|;2612
290;|Merely|;0;486;2017-02-22T14:12:41Z;26189849;|The Winter|;1435
290;|Merely|;0;487;2017-02-28T04:16:58Z;31233301;|LamoidZombieDog|;1435
291;|Money|;0;488;2017-02-25T10:56:38Z;30658481;|Sonnenly|;3139
291;|Money|;0;489;2017-02-28T04:16:58Z;31233301;|LamoidZombieDog|;3139
292;|Mountain Character|;0;490;2017-02-15T20:07:31Z;31139347;|Pioh2003|;2015
292;|Mountain Character|;0;491;2017-02-28T04:16:59Z;31233301;|LamoidZombieDog|;2015
293;|Mountain Passage Cave|;0;492;2017-02-21T00:41:12Z;27990573;|Fjalon|;2653
293;|Mountain Passage Cave|;0;493;2017-02-28T04:16:59Z;31233301;|LamoidZombieDog|;2653
294;|Mountainside|;0;494;2017-02-08T02:56:00Z;5030855;|Jac16king|;1892
294;|Mountainside|;0;495;2017-02-28T04:16:59Z;31233301;|LamoidZombieDog|;1892
295;|Neon Wire|;0;496;2017-02-12T01:44:15Z;30658481;|Sonnenly|;2511
295;|Neon Wire|;0;497;2017-02-28T04:17:00Z;31233301;|LamoidZombieDog|;2511
77;|News and Announcements|;0;77;2017-02-27T04:50:09Z;49312;|Default|;30
296;|Notable Scammers|;0;498;2017-02-27T04:12:59Z;26143979;|Trainlover123123|;186105
296;|Notable Scammers|;0;499;2017-02-28T04:17:03Z;31233301;|LamoidZombieDog|;186105
296;|Notable Scammers|;0;872;2017-03-27T15:53:38Z;31612541;|Joedaorangeisback123|;186105
296;|Notable Scammers|;0;874;2017-03-27T15:57:46Z;31612541;|Joedaorangeisback123|;574
296;|Notable Scammers|;0;875;2017-03-27T15:58:05Z;31612541;|Joedaorangeisback123|;576
296;|Notable Scammers|;0;946;2017-03-27T16:15:05Z;1929113;|TyA|;186105
296;|Notable Scammers|;0;962;2017-03-27T16:15:32Z;1929113;|TyA|;186105
296;|Notable Scammers|;0;1083;2017-10-09T13:47:09Z;24.60.131.29;Anonymous;186009
296;|Notable Scammers|;0;1084;2017-10-11T12:50:27Z;217.62.40.183;Anonymous;186288
296;|Notable Scammers|;0;1085;2017-10-11T12:56:46Z;2A02:1811:4412:3500:E02F:DBC8:C8D:D8C8;Anonymous;186173
296;|Notable Scammers|;0;1086;2017-10-11T12:58:30Z;2A02:1811:4412:3500:E02F:DBC8:C8D:D8C8;Anonymous;185991
296;|Notable Scammers|;0;1087;2017-10-15T14:37:40Z;217.62.40.183;Anonymous;186241
296;|Notable Scammers|;0;1092;2017-10-30T07:25:14Z;33217378;|T0llit0ken|;186521
296;|Notable Scammers|;0;1096;2017-10-30T07:29:28Z;33217378;|T0llit0ken|;186522
296;|Notable Scammers|;0;1097;2017-11-03T17:16:24Z;46.31.203.101;Anonymous;118
296;|Notable Scammers|;0;1098;2017-11-03T17:35:56Z;69.206.157.115;Anonymous;156
296;|Notable Scammers|;0;1099;2017-11-08T23:29:03Z;33600166;|John75863|;145
296;|Notable Scammers|;0;1125;2017-12-21T03:53:49Z;33303746;|Mega Lucario EX|;186523
296;|Notable Scammers|;0;1129;2017-12-24T11:53:15Z;112.205.113.205;Anonymous;186889
296;|Notable Scammers|;0;1136;2017-12-28T16:57:43Z;29945283;|Mrfunnylaughs Ori|;128
296;|Notable Scammers|;0;1137;2017-12-28T16:57:58Z;29945283;|Mrfunnylaughs Ori|;129
296;|Notable Scammers|;0;1174;2017-12-28T17:10:40Z;27372241;|Ender01|;186889
296;|Notable Scammers|;0;1193;2018-01-28T14:12:40Z;98.118.28.110;Anonymous;187018
296;|Notable Scammers|;0;1205;2018-02-05T19:47:51Z;31845768;|RedTruffle|;187174
296;|Notable Scammers|;0;1207;2018-02-16T05:01:21Z;122.2.122.153;Anonymous;187367
296;|Notable Scammers|;0;1208;2018-02-24T01:08:17Z;68.196.100.217;Anonymous;187565
296;|Notable Scammers|;0;1209;2018-02-24T01:17:16Z;108.54.175.25;Anonymous;187364
296;|Notable Scammers|;0;1210;2018-02-24T01:25:17Z;108.54.175.25;Anonymous;187685
296;|Notable Scammers|;0;1211;2018-03-21T18:18:13Z;2601:4A:C201:5660:B840:83BB:B465:DB3E;Anonymous;187456
296;|Notable Scammers|;0;1212;2018-03-26T02:02:22Z;35109991;|Yoknowme1|;187498
296;|Notable Scammers|;0;1222;2018-04-08T17:55:16Z;2607:FEA8:F220:317:E457:85DE:A50E:89BA;Anonymous;113915
296;|Notable Scammers|;0;1223;2018-04-08T17:56:47Z;2607:FEA8:F220:317:E457:85DE:A50E:89BA;Anonymous;85
296;|Notable Scammers|;0;1224;2018-04-08T18:24:38Z;2607:FEA8:F220:317:E457:85DE:A50E:89BA;Anonymous;90
296;|Notable Scammers|;0;1225;2018-04-08T19:20:27Z;27345308;|KockaAdmiralac|;85
296;|Notable Scammers|;0;1231;2018-04-08T19:20:41Z;27345308;|KockaAdmiralac|;187498
296;|Notable Scammers|;0;1235;2018-04-22T15:15:27Z;35350256;|Poujoshy|;187500
296;|Notable Scammers|;0;1239;2018-04-22T15:23:10Z;69.206.193.155;Anonymous;187311
296;|Notable Scammers|;0;1249;2018-05-04T19:56:33Z;63.117.227.2;Anonymous;186450
296;|Notable Scammers|;0;1250;2018-05-04T19:57:51Z;63.117.227.2;Anonymous;186857
296;|Notable Scammers|;0;1251;2018-05-09T23:06:27Z;173.52.88.167;Anonymous;186867
297;|Numbered Cube|;0;500;2017-02-22T01:39:24Z;27823354;|Koolboat01|;2069
297;|Numbered Cube|;0;501;2017-02-28T04:17:03Z;31233301;|LamoidZombieDog|;2069
297;|Numbered Cube|;0;855;2017-03-27T15:41:07Z;31612541;|Joedaorangeisback123|;2069
297;|Numbered Cube|;0;964;2017-03-27T16:15:37Z;1929113;|TyA|;2069
297;|Numbered Cube|;0;985;2017-03-27T17:35:25Z;198.50.235.188;Anonymous;407
297;|Numbered Cube|;0;996;2017-03-27T18:03:48Z;1929113;|TyA|;2069
547;|Nut Wood|;0;1170;2017-12-28T17:06:29Z;27372241;|Ender01|;25
552;|OOF Gate|;0;1181;2017-12-29T10:54:39Z;5143323;|Jackninja5DipperGravityFalls|;22
298;|Ocean|;0;502;2017-01-04T19:20:45Z;30837385;|IOmegaAzure|;1612
298;|Ocean|;0;503;2017-02-28T04:17:04Z;31233301;|LamoidZombieDog|;1612
298;|Ocean|;0;709;2017-02-28T05:52:30Z;27823354;|Koolboat01|;1235
298;|Ocean|;0;878;2017-03-27T15:59:43Z;31612541;|Joedaorangeisback123|;104
298;|Ocean|;0;900;2017-03-27T16:05:02Z;30115127;|CavaX|;1235
299;|Ocean Cove|;0;504;2017-02-14T22:24:51Z;5030855;|Jac16king|;2387
299;|Ocean Cove|;0;505;2017-02-28T04:17:04Z;31233301;|LamoidZombieDog|;2387
300;|Outdoor Watercolor Sketch|;0;506;2017-02-20T06:36:03Z;27823354;|Koolboat01|;1537
300;|Outdoor Watercolor Sketch|;0;507;2017-02-28T04:17:04Z;31233301;|LamoidZombieDog|;1537
301;|Paintings|;0;508;2017-02-19T19:12:43Z;26143979;|Trainlover123123|;1594
301;|Paintings|;0;509;2017-02-28T04:17:05Z;31233301;|LamoidZombieDog|;1594
302;|Palm Wood|;0;510;2017-02-25T03:32:37Z;26143979;|Trainlover123123|;4191
302;|Palm Wood|;0;511;2017-02-28T04:17:05Z;31233301;|LamoidZombieDog|;4191
302;|Palm Wood|;0;909;2017-03-27T16:06:00Z;31612541;|Joedaorangeisback123|;53
302;|Palm Wood|;0;938;2017-03-27T16:15:03Z;1929113;|TyA|;4191
303;|Phantom Wood|;0;512;2017-02-27T21:19:48Z;27372241;|Ender01|;4846
303;|Phantom Wood|;0;513;2017-02-28T04:17:05Z;31233301;|LamoidZombieDog|;4846
303;|Phantom Wood|;0;729;2017-02-28T06:08:47Z;31183992;|Schoolboirare|;4977
303;|Phantom Wood|;0;751;2017-03-01T11:40:03Z;30165093;|Tisaakah|;104339
303;|Phantom Wood|;0;771;2017-03-01T14:30:34Z;30115127;|CavaX|;4977
303;|Phantom Wood|;0;784;2017-03-26T13:29:09Z;28517748;|Joetheorange|;86
303;|Phantom Wood|;0;798;2017-03-26T13:37:38Z;4784321;|Jr Mime|;4977
303;|Phantom Wood|;0;805;2017-03-26T13:52:29Z;31604529;|JoeTheOrangeAltAccount|;87
303;|Phantom Wood|;0;806;2017-03-26T13:52:45Z;4784321;|Jr Mime|;4977
303;|Phantom Wood|;0;812;2017-03-26T14:08:46Z;31604676;|Joetheorangealtbackup|;360
303;|Phantom Wood|;0;815;2017-03-26T14:10:33Z;4784321;|Jr Mime|;4977
303;|Phantom Wood|;0;819;2017-03-26T21:40:26Z;31607784;|Joetheorangeisback|;89
303;|Phantom Wood|;0;832;2017-03-26T22:04:51Z;4784321;|Jr Mime|;4977
303;|Phantom Wood|;0;850;2017-03-27T15:36:59Z;31612541;|Joedaorangeisback123|;129
303;|Phantom Wood|;0;950;2017-03-27T16:15:06Z;1929113;|TyA|;4977
303;|Phantom Wood|;0;1011;2017-04-04T10:16:23Z;161.148.1.94;Anonymous;81
303;|Phantom Wood|;0;1015;2017-04-05T13:28:10Z;30115127;|CavaX|;4977
304;|Pine Wood|;0;514;2017-02-22T02:20:31Z;27823354;|Koolboat01|;3602
304;|Pine Wood|;0;515;2017-02-28T04:17:06Z;31233301;|LamoidZombieDog|;3602
304;|Pine Wood|;0;923;2017-03-27T16:13:35Z;31612541;|Joedaorangeisback123|;90
304;|Pine Wood|;0;924;2017-03-27T16:15:01Z;1929113;|TyA|;3602
305;|Pink Neon Wire|;0;516;2017-02-25T00:13:42Z;30165093;|Tisaakah|;1577
305;|Pink Neon Wire|;0;517;2017-02-28T04:17:06Z;31233301;|LamoidZombieDog|;1577
306;|Pink Spheres|;0;518;2017-02-25T14:27:49Z;30658481;|Sonnenly|;1530
306;|Pink Spheres|;0;519;2017-02-28T04:17:06Z;31233301;|LamoidZombieDog|;1530
307;|Pink Vehicles|;0;520;2017-02-22T13:55:32Z;26189849;|The Winter|;2576
307;|Pink Vehicles|;0;521;2017-02-28T04:17:06Z;31233301;|LamoidZombieDog|;2576
307;|Pink Vehicles|;0;979;2017-03-27T17:25:05Z;198.50.235.188;Anonymous;80
307;|Pink Vehicles|;0;1004;2017-03-27T18:03:50Z;1929113;|TyA|;2576
308;|Pink Wood|;0;522;2017-02-25T03:32:39Z;26143979;|Trainlover123123|;2050
308;|Pink Wood|;0;523;2017-02-28T04:17:07Z;31233301;|LamoidZombieDog|;2050
309;|Plain Axe|;0;524;2017-01-09T06:55:22Z;30258842;|Slimshadytx|;951
309;|Plain Axe|;0;525;2017-02-28T04:17:07Z;31233301;|LamoidZombieDog|;951
310;|Planks|;0;526;2016-12-09T22:34:48Z;5030855;|Jac16king|;2943
310;|Planks|;0;527;2017-02-28T04:17:08Z;31233301;|LamoidZombieDog|;2943
311;|Poorly Wrapped Gift from Bob|;0;528;2017-01-21T11:17:39Z;26357969;|StarmanW|;1176
311;|Poorly Wrapped Gift from Bob|;0;529;2017-02-28T04:17:08Z;31233301;|LamoidZombieDog|;1176
312;|Preserved Enlarged Ostrich Eye|;0;530;2017-02-25T01:31:49Z;26182374;|RustyPipez|;2481
312;|Preserved Enlarged Ostrich Eye|;0;531;2017-02-28T04:17:08Z;31233301;|LamoidZombieDog|;2481
312;|Preserved Enlarged Ostrich Eye|;0;852;2017-03-27T15:38:29Z;31612541;|Joedaorangeisback123|;227
312;|Preserved Enlarged Ostrich Eye|;0;949;2017-03-27T16:15:06Z;1929113;|TyA|;2481
313;|Pressure Plate|;0;532;2017-02-08T15:27:39Z;28853480;|Soulless Creature|;1346
313;|Pressure Plate|;0;533;2017-02-28T04:17:08Z;31233301;|LamoidZombieDog|;1346
314;|Pumpkin|;0;534;2017-02-03T04:06:52Z;5030855;|Jac16king|;1493
314;|Pumpkin|;0;535;2017-02-28T04:17:09Z;31233301;|LamoidZombieDog|;1493
315;|ROBLOX's "Winter Games 2017" Event|;0;536;2017-02-25T08:12:09Z;30165093;|Tisaakah|;4243
315;|ROBLOX's "Winter Games 2017" Event|;0;537;2017-02-28T04:17:09Z;31233301;|LamoidZombieDog|;4243
316;|Red Ball|;0;538;2017-01-08T11:54:02Z;27114707;|Cutton|;1477
316;|Red Ball|;0;539;2017-02-28T04:17:10Z;31233301;|LamoidZombieDog|;1477
316;|Red Ball|;0;879;2017-03-27T16:00:01Z;31612541;|Joedaorangeisback123|;154
316;|Red Ball|;0;895;2017-03-27T16:04:10Z;30115127;|CavaX|;1477
317;|Refrigerator|;0;540;2017-02-02T23:15:00Z;27462004;|Iamthenoobguy|;2132
317;|Refrigerator|;0;541;2017-02-28T04:17:10Z;31233301;|LamoidZombieDog|;2132
318;|Retirement Stand|;0;542;2017-02-27T03:38:37Z;31176722;|John4k|;2698
318;|Retirement Stand|;0;543;2017-02-28T04:17:10Z;31233301;|LamoidZombieDog|;2698
319;|River|;0;544;2017-02-25T01:57:06Z;26182374;|RustyPipez|;1947
319;|River|;0;545;2017-02-28T04:17:10Z;31233301;|LamoidZombieDog|;1947
320;|River Tunnel|;0;546;2017-01-04T19:19:04Z;30837385;|IOmegaAzure|;1723
320;|River Tunnel|;0;547;2017-02-28T04:17:11Z;31233301;|LamoidZombieDog|;1723
321;|Roads|;0;548;2017-02-22T01:39:57Z;27823354;|Koolboat01|;1600
321;|Roads|;0;549;2017-02-28T04:17:11Z;31233301;|LamoidZombieDog|;1600
321;|Roads|;0;921;2017-03-27T16:12:11Z;31612541;|Joedaorangeisback123|;177
321;|Roads|;0;927;2017-03-27T16:15:01Z;1929113;|TyA|;1600
322;|Rock Bridge|;0;550;2017-02-25T02:01:31Z;26182374;|RustyPipez|;3063
322;|Rock Bridge|;0;551;2017-02-28T04:17:11Z;31233301;|LamoidZombieDog|;3063
323;|Rock Bridge Cave|;0;552;2017-02-22T13:42:24Z;26189849;|The Winter|;2084
323;|Rock Bridge Cave|;0;553;2017-02-28T04:17:12Z;31233301;|LamoidZombieDog|;2084
323;|Rock Bridge Cave|;0;836;2017-03-27T15:28:24Z;31612541;|Joedaorangeisback123|;133
323;|Rock Bridge Cave|;0;959;2017-03-27T16:15:08Z;1929113;|TyA|;2084
324;|Rocks and Cliffs|;0;554;2017-02-20T04:30:59Z;31149630;|NoltheJoe22|;2579
324;|Rocks and Cliffs|;0;555;2017-02-28T04:17:12Z;31233301;|LamoidZombieDog|;2579
128;|Ruhven|;0;162;2017-02-27T01:44:52Z;26444335;|Greeism|;2391
128;|Ruhven|;0;163;2017-02-28T03:58:03Z;31233301;|LamoidZombieDog|;2391
129;|Rukiry Axe|;0;164;2016-04-05T21:12:25Z;26899579;|MyUsernamesThis|;23
129;|Rukiry Axe|;0;165;2017-02-28T03:58:03Z;31233301;|LamoidZombieDog|;23
130;|Rukiry Axe Posters|;0;166;2016-02-14T15:24:31Z;26485895;|Capurio|;31
130;|Rukiry Axe Posters|;0;167;2017-02-28T03:58:03Z;31233301;|LamoidZombieDog|;31
325;|Rukiryaxe|;0;556;2017-02-27T14:04:46Z;30658481;|Sonnenly|;3135
325;|Rukiryaxe|;0;557;2017-02-28T04:17:12Z;31233301;|LamoidZombieDog|;3135
326;|Rukiryaxe Posters|;0;558;2017-01-28T04:25:03Z;26182374;|RustyPipez|;2928
326;|Rukiryaxe Posters|;0;559;2017-02-28T04:17:13Z;31233301;|LamoidZombieDog|;2928
326;|Rukiryaxe Posters|;0;1160;2017-12-28T17:02:12Z;33616466;|Abraham Lincoln YT|;47
326;|Rukiryaxe Posters|;0;1171;2017-12-28T17:06:55Z;27372241;|Ender01|;2928
327;|Rukiryo|;0;560;2017-02-22T14:11:57Z;26189849;|The Winter|;1930
327;|Rukiryo|;0;561;2017-02-28T04:17:13Z;31233301;|LamoidZombieDog|;1930
328;|Rules and Guidelines|;0;562;2016-12-14T21:11:40Z;26143979;|Trainlover123123|;3479
328;|Rules and Guidelines|;0;563;2017-02-28T04:17:13Z;31233301;|LamoidZombieDog|;3479
329;|Safari|;0;564;2017-02-23T08:29:58Z;28853480;|Soulless Creature|;2800
329;|Safari|;0;565;2017-02-28T04:17:14Z;31233301;|LamoidZombieDog|;2800
329;|Safari|;0;986;2017-03-27T17:35:48Z;198.50.235.188;Anonymous;130
329;|Safari|;0;1001;2017-03-27T18:03:48Z;1929113;|TyA|;2800
131;|Safari Biome|;0;168;2015-10-24T13:28:01Z;2229410;|Viliusr|;20
131;|Safari Biome|;0;169;2017-02-28T03:58:03Z;31233301;|LamoidZombieDog|;20
330;|Safari Hole|;0;566;2017-01-02T17:29:28Z;30917872;|Yourfather54|;2062
330;|Safari Hole|;0;567;2017-02-28T04:17:14Z;31233301;|LamoidZombieDog|;2062
331;|Safari Shopping District|;0;568;2017-02-22T14:01:11Z;26189849;|The Winter|;2951
331;|Safari Shopping District|;0;569;2017-02-28T04:17:14Z;31233301;|LamoidZombieDog|;2951
332;|Sand Dock|;0;570;2017-02-19T08:55:01Z;26182374;|RustyPipez|;1427
332;|Sand Dock|;0;571;2017-02-28T04:17:14Z;31233301;|LamoidZombieDog|;1427
333;|Sand Islands|;0;572;2017-02-19T23:49:30Z;30658481;|Sonnenly|;2157
333;|Sand Islands|;0;573;2017-02-28T04:17:15Z;31233301;|LamoidZombieDog|;2157
132;|Sand Islands Area|;0;170;2016-02-23T01:15:16Z;26436210;|Pandg2|;26
132;|Sand Islands Area|;0;171;2017-02-28T03:58:04Z;31233301;|LamoidZombieDog|;26
133;|Saplings|;0;172;2017-02-19T01:39:58Z;30848063;|FireDragon16|;1429
133;|Saplings|;0;173;2017-02-28T03:58:04Z;31233301;|LamoidZombieDog|;1429
133;|Saplings|;0;907;2017-03-27T16:05:31Z;31612541;|Joedaorangeisback123|;35
133;|Saplings|;0;939;2017-03-27T16:15:03Z;1929113;|TyA|;1429
133;|Saplings|;0;967;2017-03-27T16:52:29Z;30115127;|CavaX|;35
133;|Saplings|;0;968;2017-03-27T16:53:55Z;30115127;|CavaX|;1429
133;|Saplings|;0;978;2017-03-27T17:24:40Z;198.50.235.188;Anonymous;54
133;|Saplings|;0;1003;2017-03-27T18:03:50Z;1929113;|TyA|;1429
134;|Save/Load|;0;174;2016-04-25T20:45:00Z;26899579;|MyUsernamesThis|;18
134;|Save/Load|;0;175;2017-02-28T03:58:04Z;31233301;|LamoidZombieDog|;18
334;|Sawmax 01|;0;574;2017-02-01T19:02:46Z;27407250;|Jerricks|;1433
334;|Sawmax 01|;0;575;2017-02-28T04:17:15Z;31233301;|LamoidZombieDog|;1433
334;|Sawmax 01|;0;896;2017-03-27T16:04:21Z;31612541;|Joedaorangeisback123|;77
334;|Sawmax 01|;0;904;2017-03-27T16:05:23Z;30115127;|CavaX|;1433
335;|Sawmax 02|;0;576;2017-01-15T23:20:23Z;27114578;|Megokac|;2015
335;|Sawmax 02|;0;577;2017-02-28T04:17:15Z;31233301;|LamoidZombieDog|;2015
135;|Sawmill|;0;176;2016-02-28T04:16:54Z;27637397;|DanielistheAWESOMEST|;22
135;|Sawmill|;0;177;2017-02-28T03:58:05Z;31233301;|LamoidZombieDog|;22
336;|Sawmills|;0;578;2017-02-21T11:20:24Z;26182374;|RustyPipez|;3433
336;|Sawmills|;0;579;2017-02-28T04:17:16Z;31233301;|LamoidZombieDog|;3433
337;|Seranok|;0;580;2017-01-22T17:09:28Z;26143979;|Trainlover123123|;1904
337;|Seranok|;0;581;2017-02-28T04:17:16Z;31233301;|LamoidZombieDog|;1904
338;|Server Initialization|;0;582;2017-01-04T19:20:11Z;27407250;|Jerricks|;2584
338;|Server Initialization|;0;583;2017-02-28T04:17:16Z;31233301;|LamoidZombieDog|;2584
136;|Shabby Sawmill|;0;178;2017-02-24T17:44:47Z;31384243;|Kenchilli|;1689
136;|Shabby Sawmill|;0;179;2017-02-28T03:58:05Z;31233301;|LamoidZombieDog|;1689
137;|Shops|;0;180;2016-01-27T05:20:13Z;27407250;|Jerricks|;25
137;|Shops|;0;181;2017-02-28T03:58:05Z;31233301;|LamoidZombieDog|;25
138;|Shrine of the Sight|;0;182;2017-02-11T08:58:03Z;26182374;|RustyPipez|;3540
138;|Shrine of the Sight|;0;183;2017-02-28T03:58:06Z;31233301;|LamoidZombieDog|;3540
138;|Shrine of the Sight|;0;834;2017-03-27T15:27:30Z;31612541;|Joedaorangeisback123|;249
138;|Shrine of the Sight|;0;961;2017-03-27T16:15:08Z;1929113;|TyA|;3540
339;|Signal Delay|;0;584;2016-10-05T04:13:42Z;27407250;|Jerricks|;1295
339;|Signal Delay|;0;585;2017-02-28T04:17:17Z;31233301;|LamoidZombieDog|;1295
340;|Silver Axe|;0;586;2017-01-03T02:38:56Z;30917872;|Yourfather54|;1038
340;|Silver Axe|;0;587;2017-02-28T04:17:17Z;31233301;|LamoidZombieDog|;1038
341;|Single Bed|;0;588;2016-12-15T17:31:33Z;27020948;|VertexArray|;1493
341;|Single Bed|;0;589;2017-02-28T04:17:17Z;31233301;|LamoidZombieDog|;1493
342;|Sinister Wood|;0;590;2017-02-25T03:32:40Z;26143979;|Trainlover123123|;1980
342;|Sinister Wood|;0;591;2017-02-28T04:17:18Z;31233301;|LamoidZombieDog|;1980
342;|Sinister Wood|;0;727;2017-02-28T06:07:34Z;31183992;|Schoolboirare|;2110
343;|Slam|;0;592;2017-02-11T07:51:59Z;30658481;|Sonnenly|;1068
343;|Slam|;0;593;2017-02-28T04:17:18Z;31233301;|LamoidZombieDog|;1068
344;|Sleigh|;0;594;2017-02-25T23:42:16Z;30658481;|Sonnenly|;2165
344;|Sleigh|;0;595;2017-02-28T04:17:18Z;31233301;|LamoidZombieDog|;2165
345;|Small Trailer|;0;596;2017-01-18T15:49:37Z;27881889;|K06Tweety|;1724
345;|Small Trailer|;0;597;2017-02-28T04:17:19Z;31233301;|LamoidZombieDog|;1724
139;|Snow Area|;0;184;2016-08-10T21:18:48Z;5030855;|Jac16king|;25
139;|Snow Area|;0;185;2017-02-28T03:58:06Z;31233301;|LamoidZombieDog|;25
346;|Snow Peninsula|;0;598;2017-01-04T19:34:13Z;27407250;|Jerricks|;1977
346;|Snow Peninsula|;0;599;2017-02-28T04:17:19Z;31233301;|LamoidZombieDog|;1977
346;|Snow Peninsula|;0;841;2017-03-27T15:30:31Z;31612541;|Joedaorangeisback123|;121
346;|Snow Peninsula|;0;955;2017-03-27T16:15:07Z;1929113;|TyA|;1977
347;|Snowglow Bin|;0;600;2017-02-26T14:12:06Z;26833105;|1011025m|;2241
347;|Snowglow Bin|;0;601;2017-02-28T04:17:20Z;31233301;|LamoidZombieDog|;2241
347;|Snowglow Bin|;0;993;2017-03-27T17:44:57Z;198.50.235.188;Anonymous;104
347;|Snowglow Bin|;0;1000;2017-03-27T18:03:48Z;1929113;|TyA|;2241
348;|Snowglow Wood|;0;602;2017-02-27T09:04:44Z;26182374;|RustyPipez|;3288
348;|Snowglow Wood|;0;603;2017-02-28T04:17:20Z;31233301;|LamoidZombieDog|;3288
349;|Sorcus|;0;604;2017-02-22T09:19:13Z;30741384;|DZyR Haptic|;1844
349;|Sorcus|;0;605;2017-02-28T04:17:20Z;31233301;|LamoidZombieDog|;1844
140;|Spawn Area|;0;186;2016-05-02T03:56:23Z;28337176;|CHKDSK|;24
140;|Spawn Area|;0;187;2017-02-28T03:58:06Z;31233301;|LamoidZombieDog|;24
350;|Spawn Area Sinkage|;0;606;2016-11-19T03:05:09Z;5030855;|Jac16king|;2521
350;|Spawn Area Sinkage|;0;607;2017-02-28T04:17:21Z;31233301;|LamoidZombieDog|;2521
113;|SpeciaI:Chat|;0;127;2017-02-28T01:23:06Z;27823354;|Koolboat01|;18
113;|SpeciaI:Chat|;0;713;2017-02-28T05:54:40Z;31183992;|Schoolboirare|;0
113;|SpeciaI:Chat|;0;720;2017-02-28T06:02:23Z;31183992;|Schoolboirare|;129
113;|SpeciaI:Chat|;0;1008;2017-03-28T06:25:58Z;31233301;|LamoidZombieDog|;393
351;|Spook Wood|;0;608;2017-02-28T02:53:50Z;5030855;|Jac16king|;3426
351;|Spook Wood|;0;609;2017-02-28T04:17:21Z;31233301;|LamoidZombieDog|;3426
351;|Spook Wood|;0;724;2017-02-28T06:04:07Z;31183992;|Schoolboirare|;3555
351;|Spook Wood|;0;725;2017-02-28T06:05:08Z;31183992;|Schoolboirare|;3557
351;|Spook Wood|;0;754;2017-03-01T11:43:46Z;30165093;|Tisaakah|;135532
351;|Spook Wood|;0;768;2017-03-01T14:30:31Z;30115127;|CavaX|;3557
351;|Spook Wood|;0;788;2017-03-26T13:31:13Z;28517748;|Joetheorange|;91
351;|Spook Wood|;0;794;2017-03-26T13:37:37Z;4784321;|Jr Mime|;3557
351;|Spook Wood|;0;820;2017-03-26T21:42:14Z;31607784;|Joetheorangeisback|;233
351;|Spook Wood|;0;831;2017-03-26T22:04:46Z;4784321;|Jr Mime|;3557
351;|Spook Wood|;0;845;2017-03-27T15:34:31Z;31612541;|Joedaorangeisback123|;3557
351;|Spook Wood|;0;922;2017-03-27T16:13:02Z;31612541;|Joedaorangeisback123|;204
351;|Spook Wood|;0;925;2017-03-27T16:15:01Z;1929113;|TyA|;3557
351;|Spook Wood|;0;966;2017-03-27T16:15:42Z;1929113;|TyA|;3557
351;|Spook Wood|;0;1007;2017-03-28T06:24:25Z;31233301;|LamoidZombieDog|;204
351;|Spook Wood|;0;1009;2017-03-28T11:54:56Z;30115127;|CavaX|;3557
352;|Spork|;0;610;2017-02-25T00:16:12Z;30165093;|Tisaakah|;1343
352;|Spork|;0;611;2017-02-28T04:17:22Z;31233301;|LamoidZombieDog|;1343
352;|Spork|;0;857;2017-03-27T15:41:37Z;31612541;|Joedaorangeisback123|;128
352;|Spork|;0;944;2017-03-27T16:15:05Z;1929113;|TyA|;1343
353;|Steel Axe|;0;612;2017-02-19T18:57:25Z;26143979;|Trainlover123123|;1206
353;|Steel Axe|;0;613;2017-02-28T04:17:22Z;31233301;|LamoidZombieDog|;1206
354;|Stone Axe|;0;614;2017-01-09T22:19:59Z;26143979;|Trainlover123123|;1198
354;|Stone Axe|;0;615;2017-02-28T04:17:22Z;31233301;|LamoidZombieDog|;1198
355;|Stove|;0;616;2017-02-22T13:47:06Z;26189849;|The Winter|;1326
355;|Stove|;0;617;2017-02-28T04:17:23Z;31233301;|LamoidZombieDog|;1326
141;|Swamp|;0;188;2017-02-26T10:45:33Z;27990573;|Fjalon|;3178
141;|Swamp|;0;189;2017-02-28T03:58:07Z;31233301;|LamoidZombieDog|;3178
141;|Swamp|;0;886;2017-03-27T16:02:51Z;31612541;|Joedaorangeisback123|;134
141;|Swamp|;0;887;2017-03-27T16:04:00Z;30115127;|CavaX|;3178
142;|Swamp Area|;0;190;2016-08-10T20:54:13Z;5030855;|Jac16king|;19
142;|Swamp Area|;0;191;2017-02-28T03:58:07Z;31233301;|LamoidZombieDog|;19
143;|Swamp Grotto|;0;192;2016-12-30T22:53:06Z;26143979;|Trainlover123123|;2073
143;|Swamp Grotto|;0;193;2017-02-28T03:58:07Z;31233301;|LamoidZombieDog|;2073
356;|Swamp Rock|;0;618;2017-02-24T13:29:46Z;30165093;|Tisaakah|;2956
356;|Swamp Rock|;0;619;2017-02-28T04:17:23Z;31233301;|LamoidZombieDog|;2956
357;|Sweet Gift|;0;620;2017-02-27T03:48:30Z;26143979;|Trainlover123123|;1298
357;|Sweet Gift|;0;621;2017-02-28T04:17:24Z;31233301;|LamoidZombieDog|;1298
357;|Sweet Gift|;0;708;2017-02-28T05:52:13Z;27823354;|Koolboat01|;586
357;|Sweet Gift|;0;882;2017-03-27T16:01:14Z;31612541;|Joedaorangeisback123|;168
357;|Sweet Gift|;0;893;2017-03-27T16:04:07Z;30115127;|CavaX|;586
357;|Sweet Gift|;0;919;2017-03-27T16:11:19Z;31612541;|Joedaorangeisback123|;128
357;|Sweet Gift|;0;929;2017-03-27T16:15:01Z;1929113;|TyA|;586
144;|TNT|;0;194;2016-02-13T17:34:52Z;26485895;|Capurio|;22
144;|TNT|;0;195;2017-02-28T03:58:08Z;31233301;|LamoidZombieDog|;22
145;|Table Lamp|;0;196;2016-02-14T18:31:33Z;26899579;|MyUsernamesThis|;18
145;|Table Lamp|;0;197;2017-02-28T03:58:08Z;31233301;|LamoidZombieDog|;18
358;|Taiga Biome|;0;622;2017-02-24T09:57:11Z;30658481;|Sonnenly|;2671
358;|Taiga Biome|;0;623;2017-02-28T04:17:24Z;31233301;|LamoidZombieDog|;2671
358;|Taiga Biome|;0;840;2017-03-27T15:29:55Z;31612541;|Joedaorangeisback123|;129
358;|Taiga Biome|;0;956;2017-03-27T16:15:07Z;1929113;|TyA|;2671
358;|Taiga Biome|;0;1150;2017-12-28T17:01:07Z;29945283;|Mrfunnylaughs Ori|;147
358;|Taiga Biome|;0;1175;2017-12-28T17:20:52Z;27372241;|Ender01|;2671
359;|Taiga Dugout|;0;624;2017-02-26T17:50:32Z;5030855;|Jac16king|;1499
359;|Taiga Dugout|;0;625;2017-02-28T04:17:25Z;31233301;|LamoidZombieDog|;1499
359;|Taiga Dugout|;0;839;2017-03-27T15:29:32Z;31612541;|Joedaorangeisback123|;133
359;|Taiga Dugout|;0;957;2017-03-27T16:15:07Z;1929113;|TyA|;1499
360;|Taiga Mountain Passage|;0;626;2017-02-26T20:50:16Z;30938863;|BigGpurrs987654321|;1600
360;|Taiga Mountain Passage|;0;627;2017-02-28T04:17:25Z;31233301;|LamoidZombieDog|;1600
361;|Taiga Scaffold|;0;628;2017-02-25T14:18:33Z;30658481;|Sonnenly|;1151
361;|Taiga Scaffold|;0;629;2017-02-28T04:17:25Z;31233301;|LamoidZombieDog|;1151
146;|The Boulder Cave|;0;198;2016-03-22T07:23:46Z;26357969;|StarmanW|;34
146;|The Boulder Cave|;0;199;2017-02-28T03:58:08Z;31233301;|LamoidZombieDog|;34
147;|The Bridge|;0;200;2015-10-22T19:59:41Z;2229410;|Viliusr|;20
147;|The Bridge|;0;201;2017-02-28T03:58:08Z;31233301;|LamoidZombieDog|;20
148;|The Fire Axe|;0;202;2016-03-21T17:36:00Z;27530717;|Faceslam8025|;22
148;|The Fire Axe|;0;203;2017-02-28T03:58:09Z;31233301;|LamoidZombieDog|;22
149;|The January Mega Update|;0;204;2016-03-22T07:22:59Z;26357969;|StarmanW|;19
149;|The January Mega Update|;0;205;2017-02-28T03:58:09Z;31233301;|LamoidZombieDog|;19
150;|The Maze|;0;206;2017-02-25T07:26:04Z;30165093;|Tisaakah|;4002
150;|The Maze|;0;207;2017-02-28T03:58:09Z;31233301;|LamoidZombieDog|;4002
150;|The Maze|;0;712;2017-02-28T05:53:36Z;27823354;|Koolboat01|;239
150;|The Maze|;0;723;2017-02-28T06:03:23Z;31183992;|Schoolboirare|;370
150;|The Maze|;0;1023;2017-04-05T14:26:47Z;30115127;|CavaX|;4001
150;|The Maze|;0;1031;2017-04-11T22:41:03Z;28874067;|Fluffyrock1|;171
150;|The Maze|;0;1039;2017-04-12T03:34:02Z;1929113;|TyA|;4001
150;|The Maze|;0;1050;2017-09-22T16:17:04Z;27372241;|Ender01|;250
150;|The Maze|;0;1057;2017-09-24T18:54:22Z;30115127;|CavaX|;4001
151;|The Sand Dock|;0;208;2016-08-06T22:04:15Z;26899579;|MyUsernamesThis|;23
151;|The Sand Dock|;0;209;2017-02-28T03:58:10Z;31233301;|LamoidZombieDog|;23
152;|The Scaffold|;0;210;2017-02-17T00:47:21Z;26143979;|Trainlover123123|;28
152;|The Scaffold|;0;211;2017-02-28T03:58:10Z;31233301;|LamoidZombieDog|;28
362;|The Snow Arch|;0;630;2017-02-25T01:57:33Z;30165093;|Tisaakah|;1346
362;|The Snow Arch|;0;631;2017-02-28T04:17:26Z;31233301;|LamoidZombieDog|;1346
363;|The Snow Cave|;0;632;2017-02-25T11:10:28Z;30658481;|Sonnenly|;1540
363;|The Snow Cave|;0;633;2017-02-28T04:17:26Z;31233301;|LamoidZombieDog|;1540
363;|The Snow Cave|;0;824;2017-03-26T21:58:27Z;31607784;|Joetheorangeisback|;365
363;|The Snow Cave|;0;825;2017-03-26T21:58:46Z;25274107;|TheOneFootTallBrickWall|;1540
363;|The Snow Cave|;0;828;2017-03-26T22:03:54Z;31607784;|Joetheorangeisback|;364
363;|The Snow Cave|;0;829;2017-03-26T22:04:46Z;4784321;|Jr Mime|;1540
363;|The Snow Cave|;0;838;2017-03-27T15:29:07Z;31612541;|Joedaorangeisback123|;111
363;|The Snow Cave|;0;871;2017-03-27T15:53:04Z;31612541;|Joedaorangeisback123|;428
363;|The Snow Cave|;0;901;2017-03-27T16:05:11Z;30115127;|CavaX|;111
363;|The Snow Cave|;0;1109;2017-11-18T16:07:53Z;2001:56A:739E:E400:B55B:923B:AF3E:BCF0;Anonymous;147
363;|The Snow Cave|;0;1198;2018-02-03T11:24:05Z;30115127;|CavaX|;111
364;|The Swamp Cavern|;0;634;2016-12-15T04:08:35Z;26143979;|Trainlover123123|;1923
364;|The Swamp Cavern|;0;635;2017-02-28T04:17:27Z;31233301;|LamoidZombieDog|;1923
365;|Thom|;0;636;2017-02-26T01:18:53Z;30658481;|Sonnenly|;1736
365;|Thom|;0;637;2017-02-28T04:17:27Z;31233301;|LamoidZombieDog|;1736
365;|Thom|;0;915;2017-03-27T16:08:32Z;31612541;|Joedaorangeisback123|;125
365;|Thom|;0;932;2017-03-27T16:15:02Z;1929113;|TyA|;1736
153;|Toilet|;0;212;2017-02-02T23:14:44Z;27462004;|Iamthenoobguy|;951
153;|Toilet|;0;213;2017-02-28T03:58:10Z;31233301;|LamoidZombieDog|;951
154;|Trades|;0;214;2016-01-06T03:59:52Z;26143979;|Trainlover123123|;40
154;|Trades|;0;215;2017-02-28T03:58:10Z;31233301;|LamoidZombieDog|;40
155;|Tree Leaves|;0;216;2016-12-22T00:31:43Z;29483640;|XxDeathManWxX|;1543
155;|Tree Leaves|;0;217;2017-02-28T03:58:11Z;31233301;|LamoidZombieDog|;1543
366;|Tropics Bay|;0;638;2017-02-22T16:02:19Z;28853480;|Soulless Creature|;1271
366;|Tropics Bay|;0;639;2017-02-28T04:17:28Z;31233301;|LamoidZombieDog|;1271
367;|Tropics Biome|;0;640;2017-02-19T01:24:02Z;27823354;|Koolboat01|;2554
367;|Tropics Biome|;0;641;2017-02-28T04:17:29Z;31233301;|LamoidZombieDog|;2554
368;|Tropics Peninsulas|;0;642;2017-02-18T16:24:27Z;27823354;|Koolboat01|;1445
368;|Tropics Peninsulas|;0;643;2017-02-28T04:17:29Z;31233301;|LamoidZombieDog|;1445
368;|Tropics Peninsulas|;0;842;2017-03-27T15:30:58Z;31612541;|Joedaorangeisback123|;175
368;|Tropics Peninsulas|;0;953;2017-03-27T16:15:07Z;1929113;|TyA|;1445
156;|Tropics Shop|;0;218;2016-06-20T22:05:25Z;26899579;|MyUsernamesThis|;26
156;|Tropics Shop|;0;219;2017-02-28T03:58:11Z;31233301;|LamoidZombieDog|;26
157;|Twin Bed|;0;220;2016-12-19T14:27:36Z;26143979;|Trainlover123123|;1774
157;|Twin Bed|;0;221;2017-02-28T03:58:11Z;31233301;|LamoidZombieDog|;1774
158;|Twin bed|;0;222;2016-03-27T23:20:45Z;27530717;|Faceslam8025|;22
158;|Twin bed|;0;223;2017-02-28T03:58:12Z;31233301;|LamoidZombieDog|;22
159;|Underground Grove|;0;224;2017-02-22T01:41:01Z;27823354;|Koolboat01|;3484
159;|Underground Grove|;0;225;2017-02-28T03:58:12Z;31233301;|LamoidZombieDog|;3484
159;|Underground Grove|;0;837;2017-03-27T15:28:51Z;31612541;|Joedaorangeisback123|;161
159;|Underground Grove|;0;958;2017-03-27T16:15:08Z;1929113;|TyA|;3484
369;|Unit|;0;644;2017-02-19T19:08:12Z;26143979;|Trainlover123123|;1338
369;|Unit|;0;645;2017-02-28T04:17:30Z;31233301;|LamoidZombieDog|;1338
370;|Unused Content|;0;646;2017-02-22T16:40:48Z;27823354;|Koolboat01|;3379
370;|Unused Content|;0;647;2017-02-28T04:17:30Z;31233301;|LamoidZombieDog|;3379
371;|Utility Vehicle|;0;648;2017-02-18T13:40:45Z;26833105;|1011025m|;1296
371;|Utility Vehicle|;0;649;2017-02-28T04:17:31Z;31233301;|LamoidZombieDog|;1296
371;|Utility Vehicle|;0;885;2017-03-27T16:02:16Z;31612541;|Joedaorangeisback123|;58
371;|Utility Vehicle|;0;888;2017-03-27T16:04:01Z;30115127;|CavaX|;1296
563;|Utility Vehicle XL|;0;1206;2018-02-15T01:59:26Z;120.29.76.191;Anonymous;11
563;|Utility Vehicle XL|;0;1216;2018-04-02T19:53:51Z;2003:72:CF4C:AA9B:B008:C4DE:A05:8AB1;Anonymous;4
372;|VIP Room|;0;650;2017-02-22T20:01:22Z;28614030;|Stret1311|;1323
372;|VIP Room|;0;651;2017-02-28T04:17:31Z;31233301;|LamoidZombieDog|;1323
373;|Val's All-Purpose Hauler|;0;652;2017-02-18T10:21:03Z;30658481;|Sonnenly|;1202
373;|Val's All-Purpose Hauler|;0;653;2017-02-28T04:17:32Z;31233301;|LamoidZombieDog|;1202
160;|Vals' All-Purpose Hauler|;0;226;2015-11-13T08:54:06Z;27026673;|Castrumnovum|;38
160;|Vals' All-Purpose Hauler|;0;227;2017-02-28T03:58:12Z;31233301;|LamoidZombieDog|;38
374;|Vehicle Hitches|;0;654;2017-01-09T22:24:10Z;26143979;|Trainlover123123|;1724
374;|Vehicle Hitches|;0;655;2017-02-28T04:17:33Z;31233301;|LamoidZombieDog|;1724
375;|Vehicle Spawner|;0;656;2017-02-25T07:35:28Z;30658481;|Sonnenly|;2473
375;|Vehicle Spawner|;0;657;2017-02-28T04:17:34Z;31233301;|LamoidZombieDog|;2473
161;|Vehicle Spot|;0;228;2016-02-16T02:52:18Z;27407250;|Jerricks|;29
161;|Vehicle Spot|;0;229;2017-02-28T03:58:12Z;31233301;|LamoidZombieDog|;29
162;|Vehicles|;0;230;2017-02-22T14:09:18Z;26189849;|The Winter|;3133
162;|Vehicles|;0;231;2017-02-28T03:58:13Z;31233301;|LamoidZombieDog|;3133
163;|Vip Room|;0;232;2016-07-18T00:17:39Z;5030855;|Jac16king|;22
163;|Vip Room|;0;233;2017-02-28T03:58:13Z;31233301;|LamoidZombieDog|;22
376;|Volcano|;0;658;2016-12-30T22:53:04Z;26143979;|Trainlover123123|;1851
376;|Volcano|;0;659;2017-02-28T04:17:34Z;31233301;|LamoidZombieDog|;1851
377;|Volcano Obstacle|;0;660;2017-02-22T01:40:07Z;27823354;|Koolboat01|;3411
377;|Volcano Obstacle|;0;661;2017-02-28T04:17:35Z;31233301;|LamoidZombieDog|;3411
164;|Volcano Wood|;0;234;2016-03-19T23:21:25Z;26143979;|Trainlover123123|;23
164;|Volcano Wood|;0;235;2017-02-28T03:58:13Z;31233301;|LamoidZombieDog|;23
378;|Wall Light|;0;662;2017-02-22T14:20:48Z;26189849;|The Winter|;1101
378;|Wall Light|;0;663;2017-02-28T04:17:36Z;31233301;|LamoidZombieDog|;1101
379;|Walnut Wood|;0;664;2017-02-24T14:45:38Z;30165093;|Tisaakah|;1600
379;|Walnut Wood|;0;665;2017-02-28T04:17:37Z;31233301;|LamoidZombieDog|;1600
379;|Walnut Wood|;0;1161;2017-12-28T17:02:39Z;33616466;|Abraham Lincoln YT|;1600
379;|Walnut Wood|;0;1163;2017-12-28T17:02:59Z;33616466;|Abraham Lincoln YT|;38
379;|Walnut Wood|;0;1167;2017-12-28T17:05:41Z;27372241;|Ender01|;1600
379;|Walnut Wood|;0;1169;2017-12-28T17:06:29Z;27372241;|Ender01|;1600
380;|Whitelist/Blacklist|;0;666;2017-02-24T21:38:01Z;5030855;|Jac16king|;2788
380;|Whitelist/Blacklist|;0;667;2017-02-28T04:17:38Z;31233301;|LamoidZombieDog|;2788
165;|Windows|;0;236;2015-11-21T17:58:46Z;26143979;|Trainlover123123|;25
165;|Windows|;0;237;2017-02-28T03:58:14Z;31233301;|LamoidZombieDog|;25
166;|Winter Cabin|;0;238;2017-02-27T04:49:20Z;30658481;|Sonnenly|;1889
166;|Winter Cabin|;0;239;2017-02-27T04:49:20Z;30658481;|Sonnenly|;1889
166;|Winter Cabin|;0;241;2017-02-28T03:58:14Z;31233301;|LamoidZombieDog|;1889
167;|Winter Games 2017 Event|;0;240;2017-02-15T14:06:08Z;27990573;|Fjalon|;48
167;|Winter Games 2017 Event|;0;243;2017-02-28T03:58:14Z;31233301;|LamoidZombieDog|;48
381;|Wire|;0;668;2017-01-02T04:29:14Z;30917872;|Yourfather54|;2690
381;|Wire|;0;669;2017-02-28T04:17:38Z;31233301;|LamoidZombieDog|;2690
382;|Wobblebobble|;0;670;2017-02-27T13:31:32Z;30658481;|Sonnenly|;1677
382;|Wobblebobble|;0;671;2017-02-28T04:17:39Z;31233301;|LamoidZombieDog|;1677
383;|Wobblier Gift of Less Certainty|;0;672;2017-02-27T09:11:42Z;28853480;|Soulless Creature|;2301
383;|Wobblier Gift of Less Certainty|;0;673;2017-02-28T04:17:40Z;31233301;|LamoidZombieDog|;2301
384;|Wobblierbobblier|;0;674;2017-02-15T03:40:59Z;27823354;|Koolboat01|;1749
384;|Wobblierbobblier|;0;675;2017-02-28T04:17:41Z;31233301;|LamoidZombieDog|;1749
385;|Wobbly Gift of Uncertainty|;0;676;2017-02-22T13:49:21Z;26189849;|The Winter|;1884
385;|Wobbly Gift of Uncertainty|;0;677;2017-02-28T04:17:41Z;31233301;|LamoidZombieDog|;1884
386;|Wood|;0;678;2017-02-27T06:58:07Z;30165093;|Tisaakah|;2886
386;|Wood|;0;679;2017-02-28T04:17:42Z;31233301;|LamoidZombieDog|;2886
386;|Wood|;0;722;2017-02-28T06:03:05Z;27823354;|Koolboat01|;3015
386;|Wood|;0;911;2017-03-27T16:06:41Z;31612541;|Joedaorangeisback123|;169
386;|Wood|;0;936;2017-03-27T16:15:03Z;1929113;|TyA|;3015
387;|Wood Detector|;0;680;2017-01-17T03:36:50Z;5030855;|Jac16king|;1403
387;|Wood Detector|;0;681;2017-02-28T04:17:42Z;31233301;|LamoidZombieDog|;1403
388;|Wood Dropoff|;0;682;2017-02-22T01:08:16Z;5030855;|Jac16king|;1881
388;|Wood Dropoff|;0;683;2017-02-28T04:17:44Z;31233301;|LamoidZombieDog|;1881
389;|Wood R Us|;0;684;2017-02-24T01:36:09Z;27823354;|Koolboat01|;6093
389;|Wood R Us|;0;685;2017-02-28T04:17:45Z;31233301;|LamoidZombieDog|;6093
168;|Wood R Us Hole|;0;242;2016-12-24T18:00:06Z;27516791;|UnikarnzMagik|;27
168;|Wood R Us Hole|;0;244;2017-02-28T03:58:14Z;31233301;|LamoidZombieDog|;27
169;|Wood R Us Pit|;0;245;2017-02-22T19:41:16Z;27407250;|Jerricks|;2557
169;|Wood R Us Pit|;0;247;2017-02-28T03:58:14Z;31233301;|LamoidZombieDog|;2557
171;|Woods R Us|;0;248;2016-08-16T21:03:25Z;27021851;|Kittycat57|;23
171;|Woods R Us|;0;250;2017-02-28T03:58:15Z;31233301;|LamoidZombieDog|;23
390;|Worklight|;0;686;2017-02-19T19:12:42Z;26143979;|Trainlover123123|;1438
390;|Worklight|;0;687;2017-02-28T04:17:45Z;31233301;|LamoidZombieDog|;1438
390;|Worklight|;0;705;2017-02-28T05:49:34Z;27823354;|Koolboat01|;564
390;|Worklight|;0;1020;2017-04-05T14:21:39Z;30115127;|CavaX|;1437
391;|XOR Gate|;0;688;2017-02-22T13:59:52Z;26189849;|The Winter|;1288
391;|XOR Gate|;0;689;2017-02-28T04:17:45Z;31233301;|LamoidZombieDog|;1288
391;|XOR Gate|;0;704;2017-02-28T05:45:03Z;27823354;|Koolboat01|;385
391;|XOR Gate|;0;917;2017-03-27T16:09:26Z;31612541;|Joedaorangeisback123|;202
391;|XOR Gate|;0;930;2017-03-27T16:15:02Z;1929113;|TyA|;385
392;|Yes!  it's the Land Store|;0;690;2017-02-11T01:13:16Z;28614030;|Stret1311|;1818
392;|Yes!  it's the Land Store|;0;691;2017-02-28T04:17:46Z;31233301;|LamoidZombieDog|;1818
392;|Yes!  it's the Land Store|;0;703;2017-02-28T05:42:10Z;27823354;|Koolboat01|;206
392;|Yes!  it's the Land Store|;0;707;2017-02-28T05:52:10Z;31183992;|Schoolboirare|;120
393;|ZolarKeth|;0;692;2017-02-22T14:17:51Z;26189849;|The Winter|;1910
393;|ZolarKeth|;0;693;2017-02-28T04:17:46Z;31233301;|LamoidZombieDog|;1910
393;|ZolarKeth|;0;701;2017-02-28T05:41:04Z;27823354;|Koolboat01|;1955
393;|ZolarKeth|;0;702;2017-02-28T05:41:46Z;27823354;|Koolboat01|;390
393;|ZolarKeth|;0;1017;2017-04-05T14:15:54Z;30115127;|CavaX|;1910
394;|Zombie Wood|;0;694;2017-02-27T21:37:25Z;5030855;|Jac16king|;2757
394;|Zombie Wood|;0;695;2017-02-28T04:17:46Z;31233301;|LamoidZombieDog|;2757
394;|Zombie Wood|;0;700;2017-02-28T05:40:29Z;27823354;|Koolboat01|;2803
394;|Zombie Wood|;0;1021;2017-04-05T14:22:37Z;30115127;|CavaX|;2747
394;|Zombie Wood|;0;1052;2017-09-22T16:20:01Z;27372241;|Ender01|;128
394;|Zombie Wood|;0;1056;2017-09-24T18:53:36Z;24526567;|DeXart|;2747
394;|Zombie Wood|;0;1146;2017-12-28T16:59:40Z;33616466;|Abraham Lincoln YT|;48
394;|Zombie Wood|;0;1153;2017-12-28T17:01:39Z;29945283;|Mrfunnylaughs Ori|;80
394;|Zombie Wood|;0;1173;2017-12-28T17:08:35Z;27372241;|Ender01|;2747
491;|Talk:Duplication, by xXPartlyEnderXx/@comment-168.9.25.43-20170929150319|;1;1061;2017-09-29T15:03:19Z;168.9.25.43;Anonymous;3
491;|Talk:Duplication, by xXPartlyEnderXx/@comment-168.9.25.43-20170929150319|;1;1067;2017-09-30T11:37:54Z;32794352;|FANDOMbot|;3
491;|Talk:Duplication, by xXPartlyEnderXx/@comment-168.9.25.43-20170929150319|;1;1078;2017-10-01T21:32:29Z;32794352;|FANDOMbot|;3
492;|Talk:Duplication, by xXPartlyEnderXx/@comment-168.9.25.43-20170929150337|;1;1062;2017-09-29T15:03:37Z;168.9.25.43;Anonymous;11
492;|Talk:Duplication, by xXPartlyEnderXx/@comment-168.9.25.43-20170929150337|;1;1066;2017-09-30T11:37:53Z;32794352;|FANDOMbot|;11
492;|Talk:Duplication, by xXPartlyEnderXx/@comment-168.9.25.43-20170929150337|;1;1076;2017-10-01T21:32:28Z;32794352;|FANDOMbot|;11
496;|Talk:Duplication, by xXPartlyEnderXx/@comment-168.9.25.43-20170929150337/@comment-33072389-20171001213100|;1;1072;2017-10-01T21:31:00Z;33072389;|Partly Ender|;175
496;|Talk:Duplication, by xXPartlyEnderXx/@comment-168.9.25.43-20170929150337/@comment-33072389-20171001213100|;1;1077;2017-10-01T21:32:29Z;32794352;|FANDOMbot|;175
490;|Talk:Duplication, by xXPartlyEnderXx/@comment-30403996-20170926034040|;1;1060;2017-09-26T03:40:41Z;30403996;|PaperMan926|;6
490;|Talk:Duplication, by xXPartlyEnderXx/@comment-30403996-20170926034040|;1;1068;2017-09-30T11:37:54Z;32794352;|FANDOMbot|;6
490;|Talk:Duplication, by xXPartlyEnderXx/@comment-30403996-20170926034040|;1;1079;2017-10-01T21:32:29Z;32794352;|FANDOMbot|;6
495;|Talk:Duplication, by xXPartlyEnderXx/@comment-30403996-20170926034040/@comment-33072389-20171001212856|;1;1071;2017-10-01T21:28:56Z;33072389;|Partly Ender|;134
495;|Talk:Duplication, by xXPartlyEnderXx/@comment-30403996-20170926034040/@comment-33072389-20171001212856|;1;1080;2017-10-01T21:32:29Z;32794352;|FANDOMbot|;134
494;|Talk:Duplication, by xXPartlyEnderXx/@comment-33072389-20171001212250|;1;1070;2017-10-01T21:22:51Z;33072389;|Partly Ender|;17
494;|Talk:Duplication, by xXPartlyEnderXx/@comment-33072389-20171001212250|;1;1075;2017-10-01T21:32:28Z;32794352;|FANDOMbot|;17
457;|Talk:Geck/@comment-34.248.130.63-20170327171919|;1;972;2017-03-27T17:19:19Z;34.248.130.63;Anonymous;2
512;|Talk:Got scammed/@comment-33556094-20171108233051|;1;1107;2017-11-08T23:30:51Z;33556094;|LamoidZombieWolf|;78
583;|Talk:Notable Scammers/@comment-2601:249:4100:E814:9D8C:6405:534F:C8E2-20180427013733|;1;1246;2018-04-27T01:37:33Z;2601:249:4100:E814:9D8C:6405:534F:C8E2;Anonymous;259
508;|Talk:Notable Scammers/@comment-33556094-20171108232959|;1;1103;2017-11-08T23:29:59Z;33556094;|LamoidZombieWolf|;3
525;|Talk:Notable Scammers/@comment-33907293-20171217115917|;1;1121;2017-12-17T11:59:17Z;33907293;|EastArctica|;77
575;|Talk:Pink Vehicles/@comment-81.158.58.90-20180410104516|;1;1232;2018-04-10T10:45:16Z;81.158.58.90;Anonymous;143
576;|Talk:Pink Vehicles/@comment-81.158.58.90-20180410104516/@comment-98.118.6.231-20180417172536|;1;1233;2018-04-17T17:25:36Z;98.118.6.231;Anonymous;17
554;|Talk:Rock Bridge Cave/@comment-2601:242:402:3F0:1DF0:86C4:1FCA:2846-20180115050300|;1;1186;2018-01-15T05:03:00Z;2601:242:402:3F0:1DF0:86C4:1FCA:2846;Anonymous;43
540;|User:Abraham Lincoln YT|;2;1145;2017-12-28T16:59:13Z;32769624;|FANDOM|;232
501;|User:AlexIsHereBoys|;2;1091;2017-10-21T20:37:59Z;32769624;|FANDOM|;232
12;|User:Avatar|;2;12;2017-02-27T04:50:09Z;49312;|Default|;17
34;|User:BertH|;2;34;2017-02-27T04:50:09Z;49312;|Default|;20
27;|User:CreateWiki script|;2;27;2017-02-27T04:50:09Z;49312;|Default|;161
558;|User:DaNASCAT|;2;1195;2018-01-31T18:46:57Z;32794352;|FANDOMbot|;29
534;|User:DanGamingTV|;2;1133;2017-12-26T23:38:56Z;32769624;|FANDOM|;232
5;|User:Default|;2;5;2017-02-27T04:50:09Z;49312;|Default|;233
528;|User:EastArctica|;2;1124;2017-12-17T11:59:19Z;32769624;|FANDOM|;232
8;|User:Edit page script|;2;8;2017-02-27T04:50:09Z;49312;|Default|;338
588;|User:Fajarr2005|;2;1255;2018-05-12T08:44:31Z;32769624;|FANDOM|;232
548;|User:Jackninja5DipperGravityFalls|;2;1176;2017-12-29T10:54:28Z;5143323;|Jackninja5DipperGravityFalls|;39
404;|User:Jerricks|;2;734;2017-02-28T18:47:49Z;27407250;|Jerricks|;17
404;|User:Jerricks|;2;736;2017-02-28T19:39:07Z;27407250;|Jerricks|;73
418;|User:Jerricks/WAM Log|;2;749;2017-03-01T08:17:14Z;27407250;|Jerricks|;36
418;|User:Jerricks/WAM Log|;2;779;2017-03-02T20:02:44Z;27407250;|Jerricks|;72
582;|User:Jimk22|;2;1243;2018-04-25T22:58:09Z;32769624;|FANDOM|;232
507;|User:John75863|;2;1102;2017-11-08T23:29:05Z;32769624;|FANDOM|;232
437;|User:Jr Mime|;2;793;2017-03-26T13:37:35Z;5639829;|Userpage Bot|;18
15;|User:Kirkburn|;2;15;2017-02-27T04:50:09Z;49312;|Default|;24
573;|User:KockaAdmiralac|;2;1228;2018-04-08T19:20:30Z;32769624;|FANDOM|;232
573;|User:KockaAdmiralac|;2;1229;2018-04-08T19:20:37Z;27345308;|KockaAdmiralac|;34
402;|User:Koolboat01|;2;732;2017-02-28T15:02:18Z;31233301;|LamoidZombieDog|;80
402;|User:Koolboat01|;2;864;2017-03-27T15:47:39Z;31612541;|Joedaorangeisback123|;257
402;|User:Koolboat01|;2;942;2017-03-27T16:15:04Z;1929113;|TyA|;80
400;|User:LamoidZombieDog|;2;719;2017-02-28T06:02:12Z;27823354;|Koolboat01|;4386
400;|User:LamoidZombieDog|;2;790;2017-03-26T13:36:28Z;28517748;|Joetheorange|;104
400;|User:LamoidZombieDog|;2;791;2017-03-26T13:37:08Z;27763873;|Ditto Duck Penguin|;4386
400;|User:LamoidZombieDog|;2;800;2017-03-26T13:48:32Z;31604529;|JoeTheOrangeAltAccount|;104
400;|User:LamoidZombieDog|;2;808;2017-03-26T13:52:46Z;4784321;|Jr Mime|;4386
400;|User:LamoidZombieDog|;2;817;2017-03-26T19:23:37Z;31233301;|LamoidZombieDog|;0
400;|User:LamoidZombieDog|;2;821;2017-03-26T21:44:29Z;31607784;|Joetheorangeisback|;124
400;|User:LamoidZombieDog|;2;826;2017-03-26T22:02:26Z;25274107;|TheOneFootTallBrickWall|;0
400;|User:LamoidZombieDog|;2;844;2017-03-27T15:33:39Z;31612541;|Joedaorangeisback123|;216
400;|User:LamoidZombieDog|;2;954;2017-03-27T16:15:07Z;1929113;|TyA|;0
400;|User:LamoidZombieDog|;2;990;2017-03-27T17:41:31Z;198.50.235.188;Anonymous;36
400;|User:LamoidZombieDog|;2;997;2017-03-27T18:03:48Z;1929113;|TyA|;0
511;|User:LamoidZombieWolf|;2;1106;2017-11-08T23:30:01Z;32769624;|FANDOM|;232
9;|User:Maintenance script|;2;9;2017-02-27T04:50:09Z;49312;|Default|;500
475;|User:Matheus Leonardo|;2;1024;2017-04-05T19:06:58Z;5639829;|Userpage Bot|;22
6;|User:MediaWiki default|;2;6;2017-02-27T04:50:09Z;49312;|Default|;464
531;|User:Mega Lucario EX|;2;1128;2017-12-21T03:53:51Z;32769624;|FANDOM|;232
35;|User:Mighty No. 9|;2;35;2017-02-27T04:50:09Z;49312;|Default|;29
537;|User:Orangerappy|;2;1141;2017-12-28T16:58:58Z;32769624;|FANDOM|;232
579;|User:Poujoshy|;2;1238;2018-04-22T15:15:30Z;32769624;|FANDOM|;232
85;|User:Rappy 4187|;2;87;2017-02-27T04:50:10Z;5639829;|Userpage Bot|;21
562;|User:RedTruffle|;2;1204;2018-02-05T19:47:21Z;32769624;|FANDOM|;232
32;|User:Semanticdrifter|;2;32;2017-02-27T04:50:09Z;49312;|Default|;30
504;|User:T0llit0ken|;2;1095;2017-10-30T07:25:16Z;32769624;|FANDOM|;232
570;|User:TahoeTheSoldier|;2;1221;2018-04-04T04:12:49Z;32769624;|FANDOM|;232
31;|User:TimmyQuivy|;2;31;2017-02-27T04:50:09Z;49312;|Default|;24
31;|User:TimmyQuivy|;2;1194;2018-01-31T18:46:57Z;32794352;|FANDOMbot|;24
429;|User:TyA|;2;774;2017-03-01T16:21:14Z;5639829;|Userpage Bot|;14
557;|User:UhFinn|;2;1191;2018-01-20T17:30:38Z;32769624;|FANDOM|;232
86;|User:Userpage Bot|;2;88;2017-02-27T04:50:10Z;5639829;|Userpage Bot|;24
28;|User:Wikia|;2;28;2017-02-27T04:50:09Z;49312;|Default|;18
33;|User:Wikia Video Library|;2;33;2017-02-27T04:50:09Z;49312;|Default|;217
566;|User:Yoknowme1|;2;1215;2018-03-26T02:02:24Z;32769624;|FANDOM|;232
544;|User:Yolobeans278|;2;1159;2017-12-28T17:02:10Z;32769624;|FANDOM|;232
518;|User:ZethKeth|;2;1114;2017-11-23T11:40:20Z;32769624;|FANDOM|;232
30;|File:Example.jpg|;6;30;2017-02-27T04:50:09Z;49312;|Default|;130
559;|File:Scammer thundertase.png|;6;1201;2018-02-05T19:47:19Z;31845768;|RedTruffle|;0
40;|File:Wiki.png|;6;40;2017-02-27T04:50:09Z;49312;|Default|;34
40;|File:Wiki.png|;6;86;2017-02-27T04:50:10Z;22439;|Wikia|;34
82;|MediaWiki:Mainpage|;8;83;2017-02-27T04:50:09Z;22439;|Wikia|;20
38;|Template:!|;10;38;2017-02-27T04:50:09Z;49312;|Default|;46
72;|Template:!!|;10;72;2017-02-27T04:50:09Z;49312;|Default|;43
73;|Template:!!/doc|;10;73;2017-02-27T04:50:09Z;49312;|Default|;393
39;|Template:!/doc|;10;39;2017-02-27T04:50:09Z;49312;|Default|;387
41;|Template:CC-BY-SA|;10;41;2017-02-27T04:50:09Z;49312;|Default|;334
44;|Template:CC-BY-SA/doc|;10;44;2017-02-27T04:50:09Z;49312;|Default|;285
14;|Template:Cc-by-sa-3.0|;10;14;2017-02-27T04:50:09Z;49312;|Default|;757
25;|Template:Cc-by-sa-3.0/doc|;10;25;2017-02-27T04:50:09Z;49312;|Default|;441
48;|Template:Delete|;10;48;2017-02-27T04:50:09Z;49312;|Default|;474
47;|Template:Delete/doc|;10;47;2017-02-27T04:50:09Z;49312;|Default|;328
50;|Template:Disambig|;10;50;2017-02-27T04:50:09Z;49312;|Default|;702
49;|Template:Disambig/doc|;10;49;2017-02-27T04:50:09Z;49312;|Default|;438
16;|Template:Documentation|;10;16;2017-02-27T04:50:09Z;49312;|Default|;466
18;|Template:Documentation/doc|;10;18;2017-02-27T04:50:09Z;49312;|Default|;1667
4;|Template:Fairuse|;10;4;2017-02-27T04:50:09Z;49312;|Default|;307
22;|Template:Fairuse/doc|;10;22;2017-02-27T04:50:09Z;49312;|Default|;270
45;|Template:From Wikimedia|;10;45;2017-02-27T04:50:09Z;49312;|Default|;281
46;|Template:From Wikimedia/doc|;10;46;2017-02-27T04:50:09Z;49312;|Default|;361
114;|Template:GOHEREINSTEAD|;10;130;2017-02-28T01:28:59Z;27823354;|Koolboat01|;5840
585;|Template:HeadingA|;10;1252;2018-05-12T08:44:29Z;35561968;|Fajarr2005|;41
546;|Template:HomepageNavigation|;10;1168;2017-12-28T17:05:59Z;29945283;|Mrfunnylaughs Ori|;2426
13;|Template:Infobox|;10;13;2017-02-27T04:50:09Z;49312;|Default|;918
21;|Template:Infobox/doc|;10;21;2017-02-27T04:50:09Z;49312;|Default|;1462
64;|Template:Infobox album|;10;64;2017-02-27T04:50:09Z;49312;|Default|;741
63;|Template:Infobox album/doc|;10;63;2017-02-27T04:50:09Z;49312;|Default|;1084
53;|Template:Infobox book|;10;53;2017-02-27T04:50:09Z;49312;|Default|;838
51;|Template:Infobox book/doc|;10;51;2017-02-27T04:50:09Z;49312;|Default|;1012
62;|Template:Infobox character|;10;62;2017-02-27T04:50:09Z;49312;|Default|;1639
59;|Template:Infobox character/doc|;10;59;2017-02-27T04:50:09Z;49312;|Default|;1308
54;|Template:Infobox episode|;10;54;2017-02-27T04:50:09Z;49312;|Default|;1458
52;|Template:Infobox episode/doc|;10;52;2017-02-27T04:50:09Z;49312;|Default|;1204
74;|Template:Infobox event|;10;74;2017-02-27T04:50:09Z;49312;|Default|;493
75;|Template:Infobox event/doc|;10;75;2017-02-27T04:50:09Z;49312;|Default|;812
57;|Template:Infobox item|;10;57;2017-02-27T04:50:09Z;49312;|Default|;653
56;|Template:Infobox item/doc|;10;56;2017-02-27T04:50:09Z;49312;|Default|;901
61;|Template:Infobox location|;10;61;2017-02-27T04:50:09Z;49312;|Default|;635
60;|Template:Infobox location/doc|;10;60;2017-02-27T04:50:09Z;49312;|Default|;1135
58;|Template:Infobox quest|;10;58;2017-02-27T04:50:09Z;49312;|Default|;989
55;|Template:Infobox quest/doc|;10;55;2017-02-27T04:50:09Z;49312;|Default|;1142
66;|Template:Navbox|;10;66;2017-02-27T04:50:09Z;49312;|Default|;292
65;|Template:Navbox/doc|;10;65;2017-02-27T04:50:09Z;49312;|Default|;548
42;|Template:Other free|;10;42;2017-02-27T04:50:09Z;49312;|Default|;248
43;|Template:Other free/doc|;10;43;2017-02-27T04:50:09Z;49312;|Default|;318
3;|Template:PD|;10;3;2017-02-27T04:50:09Z;49312;|Default|;238
26;|Template:PD/doc|;10;26;2017-02-27T04:50:09Z;49312;|Default|;283
10;|Template:Permission|;10;10;2017-02-27T04:50:09Z;49312;|Default|;285
23;|Template:Permission/doc|;10;23;2017-02-27T04:50:09Z;49312;|Default|;341
11;|Template:Self|;10;11;2017-02-27T04:50:09Z;49312;|Default|;258
24;|Template:Self/doc|;10;24;2017-02-27T04:50:09Z;49312;|Default|;309
36;|Template:T|;10;36;2017-02-27T04:50:09Z;49312;|Default|;579
19;|Template:T/doc|;10;19;2017-02-27T04:50:09Z;49312;|Default|;643
37;|Template:T/piece|;10;37;2017-02-27T04:50:09Z;49312;|Default|;127
20;|Template:T/piece/doc|;10;20;2017-02-27T04:50:09Z;49312;|Default|;294
70;|Category:Blog posts|;14;70;2017-02-27T04:50:09Z;49312;|Default|;20
1;|Category:Browse|;14;1;2017-02-27T04:50:09Z;49312;|Default|;112
67;|Category:Candidates for deletion|;14;67;2017-02-27T04:50:09Z;49312;|Default|;138
68;|Category:Disambiguations|;14;68;2017-02-27T04:50:09Z;49312;|Default|;452
69;|Category:Help|;14;69;2017-02-27T04:50:09Z;49312;|Default|;126
71;|Category:Images|;14;71;2017-02-27T04:50:09Z;49312;|Default|;49
17;|Category:Template documentation|;14;17;2017-02-27T04:50:09Z;49312;|Default|;156
7;|Category:Templates|;14;7;2017-02-27T04:50:09Z;49312;|Default|;190
29;|Blog:Recent posts|;502;29;2017-02-27T04:50:09Z;49312;|Default|;130
104;|Message Wall:1011025m|;1200;118;2017-02-27T21:37:14Z;30252127;|FandomBot|;0
473;|Message Wall:161.148.1.94|;1200;1012;2017-04-04T10:16:24Z;30252127;|FandomBot|;0
460;|Message Wall:198.50.235.188|;1200;976;2017-03-27T17:23:40Z;30252127;|FandomBot|;0
458;|Message Wall:34.248.130.63|;1200;973;2017-03-27T17:19:20Z;30252127;|FandomBot|;0
414;|Message Wall:45.33.136.192|;1200;745;2017-03-01T08:14:02Z;30252127;|FandomBot|;0
538;|Message Wall:Abraham Lincoln YT|;1200;1143;2017-12-28T16:59:13Z;32794352;|FANDOMbot|;0
499;|Message Wall:AlexIsHereBoys|;1200;1089;2017-10-21T20:37:58Z;32794352;|FANDOMbot|;0
430;|Message Wall:CavaX|;1200;775;2017-03-02T10:51:50Z;30252127;|FandomBot|;0
532;|Message Wall:DanGamingTV|;1200;1131;2017-12-26T23:38:55Z;32794352;|FANDOMbot|;0
526;|Message Wall:EastArctica|;1200;1122;2017-12-17T11:59:18Z;32794352;|FANDOMbot|;0
586;|Message Wall:Fajarr2005|;1200;1253;2018-05-12T08:44:30Z;32794352;|FANDOMbot|;0
550;|Message Wall:Jackninja5DipperGravityFalls|;1200;1178;2017-12-29T10:54:29Z;32794352;|FANDOMbot|;0
580;|Message Wall:Jimk22|;1200;1241;2018-04-25T22:58:08Z;32794352;|FANDOMbot|;0
438;|Message Wall:JoeTheOrangeAltAccount|;1200;801;2017-03-26T13:48:33Z;30252127;|FandomBot|;0
452;|Message Wall:Joetheorange|;1200;868;2017-03-27T15:50:51Z;30252127;|FandomBot|;0
440;|Message Wall:Joetheorangealtbackup|;1200;810;2017-03-26T14:06:36Z;30252127;|FandomBot|;0
505;|Message Wall:John75863|;1200;1100;2017-11-08T23:29:04Z;32794352;|FANDOMbot|;0
449;|Message Wall:Jr Mime|;1200;865;2017-03-27T15:49:41Z;30252127;|FandomBot|;0
571;|Message Wall:KockaAdmiralac|;1200;1226;2018-04-08T19:20:28Z;32794352;|FANDOMbot|;0
407;|Message Wall:Koolboat01|;1200;738;2017-03-01T00:06:31Z;30252127;|FandomBot|;0
83;|Message Wall:LamoidZombieDog|;1200;84;2017-02-27T04:50:09Z;30252127;|FandomBot|;0
509;|Message Wall:LamoidZombieWolf|;1200;1104;2017-11-08T23:30:00Z;32794352;|FANDOMbot|;0
514;|Message Wall:LowerComicPrice|;1200;1110;2017-11-23T11:40:18Z;32794352;|FANDOMbot|;0
477;|Message Wall:Matheus Leonardo|;1200;1026;2017-04-10T12:31:03Z;30252127;|FandomBot|;0
529;|Message Wall:Mega Lucario EX|;1200;1126;2017-12-21T03:53:51Z;32794352;|FANDOMbot|;0
535;|Message Wall:Orangerappy|;1200;1139;2017-12-28T16:58:57Z;32794352;|FANDOMbot|;0
577;|Message Wall:Poujoshy|;1200;1236;2018-04-22T15:15:28Z;32794352;|FANDOMbot|;0
560;|Message Wall:RedTruffle|;1200;1202;2018-02-05T19:47:20Z;32794352;|FANDOMbot|;0
502;|Message Wall:T0llit0ken|;1200;1093;2017-10-30T07:25:15Z;32794352;|FANDOMbot|;0
568;|Message Wall:TahoeTheSoldier|;1200;1219;2018-04-04T04:12:48Z;32794352;|FANDOMbot|;0
455;|Message Wall:TyA|;1200;970;2017-03-27T16:59:52Z;30252127;|FandomBot|;0
555;|Message Wall:UhFinn|;1200;1189;2018-01-20T17:30:38Z;32794352;|FANDOMbot|;0
564;|Message Wall:Yoknowme1|;1200;1213;2018-03-26T02:02:23Z;32794352;|FANDOMbot|;0
542;|Message Wall:Yolobeans278|;1200;1157;2017-12-28T17:02:09Z;32794352;|FANDOMbot|;0
516;|Message Wall:ZethKeth|;1200;1112;2017-11-23T11:40:20Z;32794352;|FANDOMbot|;0
105;|Thread:1011025m/@comment-31233301-20170227213714|;1201;119;2017-02-27T21:37:14Z;31233301;|LamoidZombieDog|;85
474;|Thread:161.148.1.94/@comment-22439-20170404101625|;1201;1013;2017-04-04T10:16:25Z;22439;|Wikia|;731
461;|Thread:198.50.235.188/@comment-22439-20170327172341|;1201;977;2017-03-27T17:23:41Z;22439;|Wikia|;723
459;|Thread:34.248.130.63/@comment-22439-20170327171920|;1201;974;2017-03-27T17:19:20Z;22439;|Wikia|;723
415;|Thread:45.33.136.192/@comment-22439-20170301081402|;1201;746;2017-03-01T08:14:02Z;22439;|Wikia|;747
539;|Thread:Abraham Lincoln YT/@comment-32769624-20171228165913|;1201;1144;2017-12-28T16:59:13Z;32769624;|FANDOM|;588
500;|Thread:AlexIsHereBoys/@comment-32769624-20171021203758|;1201;1090;2017-10-21T20:37:58Z;32769624;|FANDOM|;591
431;|Thread:CavaX/@comment-27990573-20170302105150|;1201;776;2017-03-02T10:51:50Z;27990573;|Fjalon|;100
434;|Thread:CavaX/@comment-27990573-20170302105150/@comment-27990573-20170307143351|;1201;780;2017-03-07T14:33:51Z;27990573;|Fjalon|;98
471;|Thread:CavaX/@comment-27990573-20170302105150/@comment-27990573-20170327214048|;1201;1006;2017-03-27T21:40:48Z;27990573;|Fjalon|;87
432;|Thread:CavaX/@comment-27990573-20170302105150/@comment-30115127-20170302131035|;1201;777;2017-03-02T13:10:35Z;30115127;|CavaX|;16
433;|Thread:CavaX/@comment-27990573-20170302105150/@comment-30115127-20170302131322|;1201;778;2017-03-02T13:13:22Z;30115127;|CavaX|;16
454;|Thread:CavaX/@comment-27990573-20170302105150/@comment-30115127-20170327165843|;1201;969;2017-03-27T16:58:43Z;30115127;|CavaX|;39
472;|Thread:CavaX/@comment-27990573-20170302105150/@comment-30115127-20170328115957|;1201;1010;2017-03-28T11:59:57Z;30115127;|CavaX|;106
533;|Thread:DanGamingTV/@comment-32769624-20171226233855|;1201;1132;2017-12-26T23:38:56Z;32769624;|FANDOM|;600
527;|Thread:EastArctica/@comment-32769624-20171217115918|;1201;1123;2017-12-17T11:59:18Z;32769624;|FANDOM|;596
587;|Thread:Fajarr2005/@comment-32769624-20180512084431|;1201;1254;2018-05-12T08:44:31Z;32769624;|FANDOM|;597
551;|Thread:Jackninja5DipperGravityFalls/@comment-32769624-20171229105429|;1201;1179;2017-12-29T10:54:29Z;32769624;|FANDOM|;613
581;|Thread:Jimk22/@comment-32769624-20180425225809|;1201;1242;2018-04-25T22:58:09Z;32769624;|FANDOM|;600
439;|Thread:JoeTheOrangeAltAccount/@comment-22439-20170326134833|;1201;802;2017-03-26T13:48:33Z;22439;|Wikia|;559
441;|Thread:Joetheorangealtbackup/@comment-22439-20170326140637|;1201;811;2017-03-26T14:06:37Z;22439;|Wikia|;543
506;|Thread:John75863/@comment-32769624-20171108232904|;1201;1101;2017-11-08T23:29:04Z;32769624;|FANDOM|;596
572;|Thread:KockaAdmiralac/@comment-32769624-20180408192029|;1201;1227;2018-04-08T19:20:29Z;32769624;|FANDOM|;596
408;|Thread:Koolboat01/@comment-27823354-20170301000631|;1201;739;2017-03-01T00:06:31Z;27823354;|Koolboat01|;73
409;|Thread:Koolboat01/@comment-27823354-20170301000631/@comment-27823354-20170301001318|;1201;740;2017-03-01T00:13:18Z;27823354;|Koolboat01|;148
427;|Thread:Koolboat01/@comment-27823354-20170301000631/@comment-27823354-20170301140924|;1201;765;2017-03-01T14:09:24Z;27823354;|Koolboat01|;16
416;|Thread:Koolboat01/@comment-27823354-20170301000631/@comment-45.33.136.192-20170301081416|;1201;747;2017-03-01T08:14:16Z;45.33.136.192;Anonymous;90
412;|Thread:Koolboat01/@comment-27823354-20170301034502|;1201;743;2017-03-01T03:45:02Z;27823354;|Koolboat01|;147
428;|Thread:Koolboat01/@comment-27823354-20170301034502/@comment-27823354-20170301161608|;1201;773;2017-03-01T16:16:08Z;27823354;|Koolboat01|;6
413;|Thread:Koolboat01/@comment-27823354-20170301034502/@comment-45.33.136.192-20170301081401|;1201;744;2017-03-01T08:14:01Z;45.33.136.192;Anonymous;152
567;|Thread:Koolboat01/@comment-30921633-20180404041246|;1201;1218;2018-04-04T04:12:46Z;30921633;|TahoeTheSoldier|;354
88;|Thread:LamoidZombieDog/@comment-26833105-20170227081631|;1201;97;2017-02-27T08:16:31Z;26833105;|1011025m|;250
110;|Thread:LamoidZombieDog/@comment-26833105-20170227081631/@comment-27823354-20170228011534|;1201;124;2017-02-28T01:15:34Z;27823354;|Koolboat01|;96
395;|Thread:LamoidZombieDog/@comment-26833105-20170227081631/@comment-27823354-20170228053242|;1201;697;2017-02-28T05:32:42Z;27823354;|Koolboat01|;484
399;|Thread:LamoidZombieDog/@comment-26833105-20170227081631/@comment-27823354-20170228060129|;1201;718;2017-02-28T06:01:29Z;27823354;|Koolboat01|;129
107;|Thread:LamoidZombieDog/@comment-26833105-20170227081631/@comment-31233301-20170227220250|;1201;121;2017-02-27T22:02:50Z;31233301;|LamoidZombieDog|;131
108;|Thread:LamoidZombieDog/@comment-26833105-20170227081631/@comment-31233301-20170227221639|;1201;122;2017-02-27T22:16:39Z;31233301;|LamoidZombieDog|;213
172;|Thread:LamoidZombieDog/@comment-26833105-20170227081631/@comment-31233301-20170228041416|;1201;251;2017-02-28T04:14:16Z;31233301;|LamoidZombieDog|;209
405;|Thread:LamoidZombieDog/@comment-27407250-20170228185144|;1201;735;2017-02-28T18:51:44Z;27407250;|Jerricks|;443
417;|Thread:LamoidZombieDog/@comment-27407250-20170228185144/@comment-27407250-20170301081710|;1201;748;2017-03-01T08:17:10Z;27407250;|Jerricks|;321
406;|Thread:LamoidZombieDog/@comment-27407250-20170228185144/@comment-31233301-20170228224022|;1201;737;2017-02-28T22:40:22Z;31233301;|LamoidZombieDog|;211
396;|Thread:LamoidZombieDog/@comment-27823354-20170228060053|;1201;715;2017-02-28T06:00:53Z;27823354;|Koolboat01|;175
487;|Thread:LamoidZombieDog/@comment-27823354-20170424042932|;1201;1044;2017-04-24T04:29:32Z;27823354;|Koolboat01|;80
488;|Thread:LamoidZombieDog/@comment-27823354-20170424042932/@comment-28614030-20170427152328|;1201;1045;2017-04-27T15:23:28Z;28614030;|Stret1311|;105
584;|Thread:LamoidZombieDog/@comment-27823354-20170424042932/@comment-33420196-20180428201025|;1201;1247;2018-04-28T20:10:25Z;33420196;|Yolobeans278|;10
482;|Thread:LamoidZombieDog/@comment-28614030-20170412030220|;1201;1033;2017-04-12T03:02:20Z;28614030;|Stret1311|;877
482;|Thread:LamoidZombieDog/@comment-28614030-20170412030220|;1201;1034;2017-04-12T03:05:44Z;28614030;|Stret1311|;823
482;|Thread:LamoidZombieDog/@comment-28614030-20170412030220|;1201;1035;2017-04-12T03:05:58Z;28614030;|Stret1311|;772
482;|Thread:LamoidZombieDog/@comment-28614030-20170412030220|;1201;1036;2017-04-12T03:06:09Z;28614030;|Stret1311|;717
482;|Thread:LamoidZombieDog/@comment-28614030-20170412030220|;1201;1042;2017-04-12T13:56:26Z;28614030;|Stret1311|;717
92;|Thread:LamoidZombieDog/@comment-28922217-20170227081812|;1201;101;2017-02-27T08:18:12Z;28922217;|Bilis228|;108
398;|Thread:LamoidZombieDog/@comment-28922217-20170227081812/@comment-27823354-20170228060122|;1201;717;2017-02-28T06:01:22Z;27823354;|Koolboat01|;129
99;|Thread:LamoidZombieDog/@comment-31403912-20170227101348|;1201;113;2017-02-27T10:13:48Z;31403912;|AgerioYT|;48
397;|Thread:LamoidZombieDog/@comment-31403912-20170227101348/@comment-27823354-20170228060117|;1201;716;2017-02-28T06:01:17Z;27823354;|Koolboat01|;129
106;|Thread:LamoidZombieDog/@comment-31403912-20170227101348/@comment-31233301-20170227220218|;1201;120;2017-02-27T22:02:18Z;31233301;|LamoidZombieDog|;6
411;|Thread:LamoidZombieDog/@comment-31403912-20170227101348/@comment-31233301-20170301021758|;1201;742;2017-03-01T02:17:58Z;31233301;|LamoidZombieDog|;9
410;|Thread:LamoidZombieDog/@comment-31403912-20170227101348/@comment-31397753-20170301020943|;1201;741;2017-03-01T02:09:43Z;31397753;|RaineTCP|;31
476;|Thread:LamoidZombieDog/@comment-31710787-20170410122800|;1201;1025;2017-04-10T12:28:00Z;31710787;|Jamesyt123|;285
435;|Thread:LamoidZombieDog/@comment-35243264-20170318200613|;1201;781;2017-03-18T20:06:13Z;26444335;|Greeism|;133
84;|Thread:LamoidZombieDog/@comment-957747-20170227045009|;1201;85;2017-02-27T04:50:09Z;957747;|Rappy 4187|;948
513;|Thread:LamoidZombieWolf/@comment-28517748-20171116180103|;1201;1108;2017-11-16T18:01:03Z;28517748;|Joetheorange|;167
523;|Thread:LamoidZombieWolf/@comment-28517748-20171116180103/@comment-28517748-20171124161444|;1201;1119;2017-11-24T16:14:44Z;28517748;|Joetheorange|;155
524;|Thread:LamoidZombieWolf/@comment-28517748-20171116180103/@comment-28517748-20171124161534|;1201;1120;2017-11-24T16:15:34Z;28517748;|Joetheorange|;138
522;|Thread:LamoidZombieWolf/@comment-28517748-20171116180103/@comment-33556094-20171123155540|;1201;1118;2017-11-23T15:55:40Z;33556094;|LamoidZombieWolf|;44
510;|Thread:LamoidZombieWolf/@comment-32769624-20171108233001|;1201;1105;2017-11-08T23:30:01Z;32769624;|FANDOM|;596
515;|Thread:LowerComicPrice/@comment-30868172-20171123114019|;1201;1111;2017-11-23T11:40:19Z;30868172;|ZethKeth|;59
520;|Thread:LowerComicPrice/@comment-30868172-20171123114019/@comment-30868172-20171123114234|;1201;1116;2017-11-23T11:42:34Z;30868172;|ZethKeth|;28
519;|Thread:LowerComicPrice/@comment-30868172-20171123114019/@comment-31280270-20171123114209|;1201;1115;2017-11-23T11:42:09Z;31280270;|LowerComicPrice|;34
521;|Thread:LowerComicPrice/@comment-30868172-20171123114019/@comment-31280270-20171123114310|;1201;1117;2017-11-23T11:43:10Z;31280270;|LowerComicPrice|;24
478;|Thread:Matheus Leonardo/@comment-31710787-20170410123103|;1201;1027;2017-04-10T12:31:03Z;31710787;|Jamesyt123|;485
479;|Thread:Matheus Leonardo/@comment-31710787-20170410123103/@comment-24653865-20170410131316|;1201;1028;2017-04-10T13:13:16Z;24653865;|Matheus Leonardo|;308
481;|Thread:Matheus Leonardo/@comment-31710787-20170410123103/@comment-24653865-20170410161219|;1201;1030;2017-04-10T16:12:19Z;24653865;|Matheus Leonardo|;181
480;|Thread:Matheus Leonardo/@comment-31710787-20170410123103/@comment-31710787-20170410131936|;1201;1029;2017-04-10T13:19:36Z;31710787;|Jamesyt123|;250
530;|Thread:Mega Lucario EX/@comment-32769624-20171221035351|;1201;1127;2017-12-21T03:53:51Z;32769624;|FANDOM|;596
536;|Thread:Orangerappy/@comment-32769624-20171228165858|;1201;1140;2017-12-28T16:58:58Z;32769624;|FANDOM|;600
578;|Thread:Poujoshy/@comment-32769624-20180422151529|;1201;1237;2018-04-22T15:15:29Z;32769624;|FANDOM|;596
561;|Thread:RedTruffle/@comment-32769624-20180205194720|;1201;1203;2018-02-05T19:47:20Z;32769624;|FANDOM|;608
503;|Thread:T0llit0ken/@comment-32769624-20171030072515|;1201;1094;2017-10-30T07:25:15Z;32769624;|FANDOM|;596
569;|Thread:TahoeTheSoldier/@comment-32769624-20180404041248|;1201;1220;2018-04-04T04:12:48Z;32769624;|FANDOM|;611
470;|Thread:TyA/@comment-198.50.235.188-20170327172804/@comment-1929113-20170327180327|;1201;995;2017-03-27T18:03:27Z;1929113;|TyA|;140
483;|Thread:TyA/@comment-28614030-20170412030837|;1201;1037;2017-04-12T03:08:37Z;28614030;|Stret1311|;343
484;|Thread:TyA/@comment-28614030-20170412030837/@comment-1929113-20170412033319|;1201;1038;2017-04-12T03:33:19Z;1929113;|TyA|;183
485;|Thread:TyA/@comment-28614030-20170412030837/@comment-28614030-20170412135310|;1201;1041;2017-04-12T13:53:10Z;28614030;|Stret1311|;413
486;|Thread:TyA/@comment-28614030-20170412030837/@comment-30115127-20170414141822|;1201;1043;2017-04-14T14:18:22Z;30115127;|CavaX|;541
456;|Thread:TyA/@comment-30115127-20170327165952|;1201;971;2017-03-27T16:59:52Z;30115127;|CavaX|;58
556;|Thread:UhFinn/@comment-32769624-20180120173038|;1201;1190;2018-01-20T17:30:38Z;32769624;|FANDOM|;596
565;|Thread:Yoknowme1/@comment-32769624-20180326020223|;1201;1214;2018-03-26T02:02:23Z;32769624;|FANDOM|;596
543;|Thread:Yolobeans278/@comment-32769624-20171228170209|;1201;1158;2017-12-28T17:02:09Z;32769624;|FANDOM|;600
517;|Thread:ZethKeth/@comment-32769624-20171123114020|;1201;1113;2017-11-23T11:40:20Z;32769624;|FANDOM|;595
549;|Message Wall Greeting:Jackninja5DipperGravityFalls|;1202;1177;2017-12-29T10:54:29Z;5143323;|Jackninja5DipperGravityFalls|;46
574;|Message Wall Greeting:KockaAdmiralac|;1202;1230;2018-04-08T19:20:37Z;27345308;|KockaAdmiralac|;34
